index,x,y,degree
13,334,2,4
14,343,1,4
17,395,2,3
18,401,1,3
30,39,2,3
31,112,3,3
34,231,2,3
35,238,5,7
37,279,5,4
43,543,2,4
44,628,2,4
48,11,6,3
49,33,4,3
50,46,4,3
51,93,3,4
52,99,3,3
56,287,6,5
58,420,4,3
60,464,4,3
61,508,6,3
63,594,3,1
67,795,3,4
69,72,4,4
72,323,5,4
73,342,6,5
74,349,6,4
75,376,4,4
80,117,6,4
81,218,8,4
82,231,6,4
84,400,5,3
85,411,9,5
86,516,6,4
87,635,6,3
88,658,7,4
91,57,7,3
92,182,9,3
93,263,6,3
94,358,7,4
97,531,7,4
99,645,10,6
100,37,8,3
102,244,8,3
104,308,7,3
106,427,8,3
108,605,12,3
109,630,7,3
111,762,10,5
113,110,8,3
116,381,8,3
118,543,9,3
120,691,13,6
121,796,10,5
122,128,9,3
123,176,10,3
124,258,10,3
125,328,11,4
126,370,10,4
127,401,12,3
129,664,10,3
131,792,9,3
134,247,10,3
136,519,13,6
137,614,12,3
138,777,10,3
139,785,12,3
140,38,12,3
143,207,12,3
144,242,13,5
145,277,12,3
146,287,12,3
147,325,11,3
148,344,13,6
149,424,12,3
150,445,14,4
153,532,12,3
156,589,12,3
158,68,12,3
159,550,12,3
161,706,12,4
162,24,14,3
163,201,13,3
164,221,14,4
165,229,15,4
166,290,14,4
167,374,14,3
171,537,13,3
172,593,16,6
174,777,14,3
176,68,17,4
179,318,14,3
180,323,14,3
181,349,15,4
182,380,15,3
183,428,14,3
184,600,16,4
185,766,14,3
186,773,14,3
188,211,17,4
189,367,16,6
190,421,17,4
191,460,19,3
192,633,15,3
193,676,16,3
194,709,16,3
199,160,17,3
200,279,16,3
201,339,19,5
202,490,17,3
203,527,16,3
204,794,17,3
211,291,18,3
212,328,18,3
213,427,17,3
214,551,20,3
215,606,19,6
216,23,19,3
217,51,19,5
218,224,18,4
219,318,24,7
220,400,19,4
221,435,18,4
223,511,19,3
224,519,19,3
225,560,20,3
227,577,20,5
228,720,18,4
229,766,21,6
230,777,18,3
231,36,20,3
232,200,19,3
234,386,19,3
235,393,19,3
236,681,21,4
237,696,20,3
238,94,21,3
240,118,21,3
241,151,21,4
244,634,21,4
245,642,21,3
246,665,21,3
247,690,21,3
248,702,22,4
249,708,20,3
250,716,24,4
252,26,21,3
253,60,21,4
254,252,25,8
255,328,22,3
257,512,22,3
258,518,21,3
259,529,24,3
260,583,25,6
261,732,22,4
263,197,23,3
264,427,24,3
265,525,23,3
267,662,22,3
269,40,24,3
271,306,24,3
272,341,27,6
273,345,23,3
274,418,24,3
276,504,24,3
278,596,28,8
280,776,24,3
282,69,25,3
283,91,26,5
284,202,26,4
285,396,27,8
289,693,24,3
290,730,26,5
291,748,24,3
292,786,24,4
293,790,24,4
294,209,26,4
295,360,27,4
296,366,27,5
297,446,27,4
298,460,29,5
300,644,26,3
301,662,26,3
302,771,25,3
303,18,27,6
304,42,27,3
306,194,27,3
308,301,26,3
309,331,26,3
312,608,29,6
313,633,27,3
314,640,27,3
315,694,27,5
316,762,26,4
317,766,27,3
318,12,28,3
320,224,28,3
321,229,27,3
322,419,28,3
323,497,30,5
324,665,27,3
325,700,29,4
327,26,30,6
328,303,35,5
329,423,28,3
330,545,30,4
331,567,31,3
333,659,29,3
334,684,32,5
335,769,28,3
336,778,29,4
338,200,32,5
339,214,31,4
340,451,29,3
341,465,29,3
343,553,34,6
347,6,32,3
348,33,31,3
349,60,31,4
350,97,33,4
351,258,31,3
352,292,30,4
353,334,35,5
354,356,33,3
355,472,31,3
357,656,30,3
359,764,31,4
361,364,35,7
362,411,32,3
363,415,32,3
364,732,31,3
365,255,32,3
367,319,33,4
369,465,36,5
371,74,34,4
372,88,33,3
375,147,35,5
377,407,34,4
380,563,34,4
381,581,33,3
382,617,33,4
383,653,34,5
384,661,33,3
385,677,34,3
386,767,33,3
389,91,34,3
390,158,35,4
391,208,36,4
392,251,37,7
393,286,34,3
394,577,34,3
395,600,34,3
396,771,39,7
398,317,38,5
400,403,35,3
402,456,37,4
403,673,35,3
404,694,36,4
405,10,37,4
406,40,40,6
407,153,36,3
408,180,36,3
409,223,38,5
411,350,37,3
412,370,36,4
413,416,37,3
414,474,37,3
415,680,40,5
416,758,36,3
417,23,39,3
418,55,39,3
419,388,45,6
421,575,38,3
422,656,39,4
423,661,38,3
424,692,37,3
425,730,40,5
428,81,38,3
429,121,39,3
430,146,38,4
431,218,38,3
433,570,39,3
434,618,41,4
437,286,40,3
438,290,40,3
439,324,40,4
440,472,39,3
442,547,42,4
445,373,41,3
446,408,43,4
447,533,42,4
448,706,41,4
449,2,42,3
450,48,43,4
451,91,42,4
452,138,42,3
454,218,42,3
456,426,45,6
457,458,41,3
458,562,42,5
459,568,41,3
460,585,44,5
463,56,43,3
466,477,44,3
468,8,44,3
469,148,44,5
471,186,44,3
472,330,43,3
473,448,43,3
474,539,45,4
476,793,45,5
478,132,45,3
482,302,46,3
484,343,44,3
488,614,44,3
490,775,46,4
491,80,46,3
492,230,47,3
493,371,48,4
494,567,45,3
495,605,47,4
496,764,45,3
497,46,47,4
498,54,49,4
499,105,46,3
500,294,46,3
501,330,47,4
502,350,46,3
503,377,46,3
505,441,46,3
507,534,46,3
508,673,47,3
509,769,47,3
510,12,53,7
513,131,52,3
514,342,48,3
515,437,47,3
516,547,51,6
517,663,47,3
518,679,48,3
519,781,48,3
520,94,49,4
521,98,49,4
522,153,51,6
525,325,48,3
526,432,48,3
528,504,48,3
529,583,49,3
530,596,50,4
532,147,51,4
534,622,49,3
535,650,50,3
536,667,49,4
537,744,49,3
543,323,50,3
544,348,50,4
545,512,50,4
546,562,52,6
547,591,55,4
548,613,51,5
550,674,53,6
551,682,51,4
553,767,50,3
554,60,54,6
555,87,52,3
556,214,51,3
558,441,52,4
559,460,52,3
560,465,54,5
562,537,52,6
563,658,54,4
564,731,52,3
567,84,52,3
568,137,53,4
569,174,56,5
570,289,52,3
572,420,52,3
573,437,54,4
574,686,52,4
576,702,53,4
577,708,52,4
578,774,52,3
579,123,56,3
583,341,55,4
584,350,54,4
585,370,60,8
586,573,54,4
587,665,54,3
588,769,53,3
589,24,55,4
590,76,56,6
591,116,54,5
594,360,54,3
595,411,56,4
596,454,54,3
597,585,54,3
598,634,54,3
599,788,55,3
601,92,56,3
604,382,58,4
605,508,55,3
606,604,56,5
607,684,56,3
608,46,57,3
609,87,58,5
611,215,58,4
612,235,57,5
614,394,57,3
615,421,56,4
616,35,60,4
617,165,58,3
618,290,58,3
619,306,58,3
620,314,61,6
621,334,59,3
622,350,58,3
623,769,58,3
624,137,59,3
625,362,59,3
626,439,59,3
627,555,59,3
628,616,60,4
630,669,58,3
631,676,58,3
632,734,60,3
633,775,60,4
636,420,60,3
637,482,60,5
638,535,60,4
639,702,60,3
640,742,59,3
641,124,61,3
642,160,62,4
643,175,63,5
645,442,61,3
649,598,60,3
651,42,62,3
652,56,61,3
653,119,62,4
654,139,62,3
655,256,64,5
656,331,61,3
657,434,62,3
658,454,62,3
660,558,62,4
661,605,62,4
662,649,63,3
663,659,66,6
666,21,62,3
667,62,63,4
671,347,62,3
672,379,63,3
673,384,63,3
674,450,65,4
675,462,63,3
677,511,62,3
678,583,63,3
679,676,64,3
680,730,64,6
681,746,62,4
684,67,64,3
686,238,63,3
687,303,66,7
688,357,64,4
689,416,65,4
690,552,65,4
692,669,65,3
694,762,64,4
695,782,64,4
697,21,66,5
698,130,64,3
699,153,65,4
700,231,67,4
701,339,68,7
702,483,67,3
704,708,66,3
707,331,66,3
708,422,73,7
709,560,66,3
710,578,66,3
711,602,67,3
715,71,67,4
716,88,66,3
717,292,69,4
718,348,67,4
719,384,68,3
722,411,66,3
723,429,67,3
726,120,69,3
727,161,68,3
728,172,70,5
729,360,68,6
730,437,69,5
732,536,67,3
733,544,68,4
734,556,67,3
735,583,68,4
737,746,68,3
738,115,69,3
739,241,68,3
740,378,69,5
741,598,71,4
742,726,70,3
743,780,70,4
747,249,72,3
748,324,71,4
749,328,70,3
750,370,69,3
751,488,72,4
753,549,70,3
754,575,70,3
756,715,70,4
757,741,72,5
758,756,70,4
759,157,70,3
760,181,70,4
762,445,72,3
765,38,71,3
766,63,72,3
767,96,74,3
768,108,75,8
769,135,73,4
770,298,71,3
772,383,71,3
774,460,71,3
775,514,72,3
776,590,71,3
778,19,73,3
779,44,74,4
781,275,72,3
783,368,74,4
784,378,73,3
785,431,74,3
786,477,73,3
787,559,76,6
788,570,72,3
790,695,74,4
791,706,74,4
792,722,72,3
793,754,73,3
794,786,72,3
795,147,77,5
796,266,74,3
797,351,73,3
798,684,75,3
799,182,74,3
800,317,77,5
801,344,76,4
802,382,74,3
804,411,75,3
805,577,75,4
808,82,79,4
809,155,76,5
812,333,77,6
813,457,76,3
814,495,76,4
815,592,76,4
816,615,80,6
818,649,76,3
819,655,76,3
820,667,76,3
822,784,76,3
823,10,78,3
824,18,79,4
826,77,76,3
827,88,76,3
829,349,76,3
830,442,77,3
831,479,78,5
832,484,76,3
833,531,77,3
834,570,77,4
835,596,76,3
836,634,77,3
837,752,79,6
838,38,78,3
839,61,79,5
840,97,78,3
841,118,79,4
844,273,77,3
845,293,79,4
848,522,79,3
850,721,82,6
854,159,80,5
855,168,80,4
857,264,78,4
858,338,78,3
859,376,79,3
860,437,82,7
861,454,80,3
862,486,79,4
863,506,78,3
864,663,80,5
865,54,79,3
866,72,79,3
867,76,81,4
869,322,80,3
870,381,79,3
871,497,80,3
873,175,85,4
875,348,80,3
876,368,81,3
877,373,81,4
879,446,80,3
880,543,80,3
881,572,83,5
883,744,80,3
885,87,81,3
886,97,82,3
887,218,83,3
889,579,82,3
890,661,87,5
891,105,83,3
893,338,87,5
895,487,83,3
897,747,83,3
898,110,87,5
899,150,85,4
901,195,84,3
902,278,84,3
903,306,86,5
904,317,84,3
905,326,84,5
906,349,85,4
907,479,85,4
908,536,84,4
909,546,84,4
910,606,83,3
912,680,84,4
915,34,84,3
916,90,86,4
917,163,85,3
921,506,85,3
922,596,87,3
923,756,85,3
925,298,87,4
926,392,85,4
927,485,85,3
928,495,86,3
929,608,86,3
931,785,86,3
934,52,87,3
937,314,90,4
938,332,87,3
939,380,87,5
940,433,86,4
941,492,86,3
942,538,87,3
943,584,92,4
946,12,87,3
947,70,91,5
949,160,88,3
950,261,88,3
951,326,88,3
952,402,88,4
953,440,88,3
954,508,87,3
956,616,88,3
958,363,90,5
959,371,89,3
960,502,89,4
961,530,90,6
962,572,90,3
963,673,88,3
964,763,90,4
966,44,93,7
967,142,89,3
969,247,92,5
970,560,93,7
971,777,90,3
976,309,91,3
977,381,91,3
978,454,93,6
980,487,91,4
981,514,90,4
982,601,91,3
983,617,93,4
984,59,91,3
986,323,94,7
987,391,92,3
988,428,96,7
989,437,94,5
990,482,92,4
991,608,95,5
992,732,91,3
993,742,92,3
994,10,93,3
995,101,92,3
996,146,94,4
997,151,94,4
998,164,93,6
1001,257,92,3
1002,377,93,4
1004,16,93,4
1005,88,94,3
1006,135,99,7
1007,174,93,3
1009,352,94,4
1010,384,93,3
1011,415,96,6
1015,749,95,4
1016,7,98,5
1017,116,100,5
1018,269,95,4
1019,274,94,4
1021,442,95,3
1022,479,99,4
1023,13,95,3
1024,18,98,3
1025,83,96,4
1027,259,98,6
1028,338,96,4
1029,460,97,3
1031,490,96,3
1032,98,97,5
1033,157,96,3
1036,230,97,4
1037,312,96,3
1038,377,97,3
1039,483,97,3
1041,601,97,3
1042,634,97,5
1043,677,97,4
1044,762,98,5
1046,51,99,5
1047,92,97,3
1049,151,98,3
1052,576,98,5
1057,13,99,3
1059,274,100,5
1060,356,99,4
1062,420,98,3
1065,615,99,1
1067,758,98,3
1068,31,99,3
1070,157,100,3
1071,176,103,5
1072,329,100,3
1073,372,100,4
1075,446,100,5
1077,567,100,4
1078,642,99,3
1080,732,110,9
1081,80,100,4
1082,92,103,4
1084,384,102,4
1086,437,102,4
1087,456,102,4
1088,492,100,3
1091,727,100,3
1092,749,102,4
1093,58,101,3
1094,153,101,4
1095,230,102,3
1096,326,101,3
1097,427,102,3
1098,472,102,6
1099,562,102,3
1100,605,102,3
1101,666,102,4
1103,74,103,3
1104,163,102,3
1105,184,105,3
1106,350,103,4
1107,365,102,4
1108,377,104,5
1109,451,102,3
1111,596,104,3
1113,704,105,4
1115,65,105,4
1116,167,103,3
1117,312,103,3
1120,19,107,4
1121,40,104,4
1123,110,109,6
1124,395,104,4
1125,418,105,3
1126,449,105,3
1130,666,104,3
1131,755,105,4
1132,762,105,3
1133,102,106,3
1134,386,105,3
1135,456,106,3
1136,662,105,3
1137,743,106,3
1140,146,111,6
1141,154,107,3
1142,224,106,3
1145,362,106,3
1146,537,106,3
1147,568,107,4
1149,58,108,3
1150,79,110,6
1151,321,109,3
1152,420,107,3
1153,654,108,3
1155,711,108,7
1156,748,108,3
1157,768,109,6
1158,62,112,6
1159,263,110,3
1160,343,110,6
1161,451,108,3
1162,480,109,4
1163,506,109,3
1164,552,111,4
1165,780,108,3
1166,92,114,6
1167,173,110,3
1170,418,109,3
1172,495,110,3
1173,572,109,3
1177,705,110,3
1178,752,109,3
1181,139,112,4
1183,179,110,3
1187,720,111,3
1189,463,111,3
1190,511,112,3
1191,659,112,4
1192,680,112,3
1195,45,112,3
1196,215,115,4
1198,507,114,4
1199,674,114,5
1201,774,113,4
1202,95,113,3
1203,115,114,3
1206,561,114,3
1207,576,114,3
1208,632,114,4
1209,648,115,5
1210,769,115,4
1212,180,117,6
1213,270,117,3
1215,317,114,4
1218,410,115,3
1220,462,115,4
1221,496,116,3
1222,516,116,5
1223,668,117,5
1224,705,115,3
1225,719,115,3
1226,7,115,3
1227,11,115,4
1228,54,117,6
1229,85,116,3
1230,153,115,3
1231,221,116,3
1232,376,116,3
1233,451,118,5
1234,503,117,3
1237,60,117,3
1238,99,117,4
1239,125,116,3
1240,354,116,3
1241,364,125,7
1242,372,116,3
1244,546,118,5
1245,569,118,5
1246,700,118,5
1247,763,118,5
1248,113,117,3
1251,526,118,5
1253,661,118,3
1254,683,118,4
1255,754,118,4
1256,11,119,4
1257,65,119,4
1258,82,118,3
1259,105,119,3
1261,320,121,6
1262,510,118,3
1263,723,118,3
1266,122,119,3
1267,156,126,6
1268,193,119,3
1270,355,120,3
1272,582,125,7
1274,675,119,3
1275,112,123,4
1279,458,120,3
1280,532,120,3
1281,773,122,3
1282,26,122,3
1283,51,121,3
1284,96,123,4
1288,518,126,4
1289,562,121,4
1291,677,122,3
1292,749,121,4
1293,756,121,3
1294,17,123,3
1295,164,122,4
1296,219,124,4
1299,501,124,4
1301,683,125,5
1302,739,122,3
1303,74,124,4
1304,85,123,3
1305,313,123,4
1306,356,124,4
1307,459,126,5
1310,559,123,3
1311,649,124,4
1312,694,124,3
1314,123,125,4
1316,171,125,3
1317,234,126,3
1318,376,125,4
1319,441,125,3
1320,453,125,3
1321,607,124,3
1322,655,124,3
1323,751,125,4
1324,755,124,3
1326,642,125,3
1327,670,128,5
1328,689,125,3
1329,707,126,3
1330,760,128,6
1331,4,126,3
1334,71,127,3
1335,228,126,4
1337,312,128,5
1338,335,128,5
1339,380,127,3
1340,411,126,4
1341,719,126,3
1342,93,128,3
1345,386,130,4
1346,434,128,4
1347,481,128,4
1349,766,129,4
1351,86,129,3
1352,107,128,3
1354,226,128,3
1356,326,130,4
1357,569,130,4
1358,654,134,6
1359,704,128,3
1362,140,131,4
1364,214,130,3
1366,394,130,3
1367,455,129,3
1368,522,131,4
1369,547,130,3
1370,552,130,3
1371,627,130,3
1373,678,129,3
1374,694,133,8
1375,709,130,5
1376,735,131,3
1378,38,130,3
1379,80,131,4
1380,120,132,5
1382,442,131,6
1383,486,130,3
1384,606,131,4
1385,743,131,3
1386,773,130,4
1387,12,132,3
1388,56,132,3
1389,106,135,5
1390,199,136,5
1393,290,132,3
1394,307,131,3
1395,574,132,3
1396,640,132,3
1397,724,131,3
1398,68,136,5
1399,76,132,3
1400,97,134,3
1401,130,132,3
1403,361,139,6
1404,431,136,4
1405,674,134,3
1406,46,133,4
1407,410,134,3
1408,418,134,6
1410,501,135,6
1411,685,135,4
1412,763,133,3
1413,19,135,3
1415,174,134,3
1416,316,134,3
1417,328,136,3
1418,333,134,3
1420,384,135,4
1421,393,136,5
1422,482,134,3
1423,492,135,3
1425,635,134,3
1426,747,135,4
1427,770,134,4
1428,218,136,4
1429,644,135,3
1430,727,137,5
1431,744,135,3
1432,782,136,3
1434,42,136,3
1435,51,136,3
1436,74,138,5
1437,185,137,3
1439,214,137,3
1441,509,137,4
1442,575,137,3
1445,90,138,4
1446,101,139,4
1447,123,138,3
1449,316,138,3
1450,378,139,3
1452,520,138,3
1455,735,139,4
1456,756,138,3
1457,761,141,4
1458,117,139,3
1460,226,138,4
1461,335,138,3
1464,468,139,5
1465,482,140,3
1466,591,140,4
1467,680,138,3
1468,741,138,3
1469,113,139,3
1472,307,140,4
1473,427,139,3
1474,514,140,4
1475,659,143,4
1477,170,141,4
1478,267,140,4
1479,311,140,3
1480,317,141,3
1481,487,140,3
1482,577,141,3
1483,662,140,4
1484,688,140,3
1486,48,141,3
1488,120,142,3
1489,341,143,3
1490,420,142,4
1491,462,142,4
1492,599,141,3
1493,649,141,3
1494,679,141,3
1496,424,142,4
1497,442,143,3
1498,558,142,3
1499,572,142,3
1501,750,143,4
1502,770,143,3
1505,332,145,7
1506,376,144,5
1507,527,145,5
1508,673,143,3
1509,694,144,4
1510,738,143,4
1511,765,146,4
1514,94,145,4
1515,112,144,3
1517,179,146,5
1518,313,146,4
1520,445,145,3
1521,480,146,5
1522,490,144,3
1523,580,144,4
1525,634,144,4
1526,666,144,3
1527,669,144,3
1528,688,145,3
1531,79,146,4
1532,105,149,8
1535,321,145,3
1536,433,146,3
1537,439,145,3
1538,511,145,3
1542,649,146,3
1543,117,146,3
1544,228,148,4
1545,326,146,3
1546,518,147,3
1547,682,146,3
1548,704,148,3
1549,709,147,3
1550,747,147,3
1551,758,147,4
1552,783,148,3
1554,144,154,5
1555,351,147,3
1556,465,149,4
1557,489,150,5
1558,672,147,4
1559,699,148,3
1560,728,149,3
1561,220,150,4
1563,347,148,3
1564,355,148,3
1566,514,148,3
1567,720,148,4
1572,320,150,4
1573,325,150,3
1575,499,150,3
1576,532,150,3
1577,621,150,6
1578,642,152,4
1580,682,150,3
1584,80,150,3
1585,184,155,7
1586,243,151,3
1588,330,151,5
1589,346,151,3
1590,363,155,7
1591,378,151,3
1592,436,152,6
1593,460,151,3
1595,636,151,4
1596,692,151,3
1597,760,151,3
1598,11,154,5
1600,58,153,4
1602,405,153,3
1603,484,154,4
1604,722,153,3
1605,769,152,3
1606,110,154,5
1607,208,154,5
1608,528,153,3
1610,580,152,4
1611,627,153,4
1612,742,153,5
1613,127,156,7
1614,340,153,4
1615,415,155,6
1616,455,156,4
1617,498,154,4
1618,687,153,3
1620,96,154,4
1621,313,158,5
1622,464,155,4
1623,474,157,4
1624,511,155,3
1626,636,155,5
1628,694,158,7
1630,773,154,3
1632,169,158,4
1633,200,156,3
1634,231,157,4
1636,422,155,3
1638,534,156,4
1642,677,156,5
1643,702,156,3
1644,766,155,3
1646,215,156,3
1647,282,156,3
1648,353,157,3
1650,432,160,5
1651,445,158,3
1652,566,157,3
1653,578,156,3
1658,93,158,3
1659,138,159,3
1660,300,157,3
1661,319,163,7
1662,328,158,3
1663,373,160,5
1664,438,159,4
1665,460,157,3
1666,493,159,4
1668,619,159,4
1669,633,158,3
1672,773,158,3
1673,786,158,3
1675,98,160,5
1676,104,159,4
1677,109,158,3
1678,515,160,3
1679,630,158,3
1681,60,159,3
1682,120,161,7
1683,199,160,3
1684,215,160,3
1686,349,159,3
1687,424,160,4
1688,463,159,3
1689,508,160,3
1691,613,160,5
1692,698,159,3
1693,718,160,6
1694,735,160,4
1697,768,159,3
1698,780,162,3
1699,25,161,3
1702,111,161,3
1703,134,161,3
1705,220,161,4
1706,340,161,3
1707,483,161,3
1708,673,161,3
1709,732,160,3
1710,2,162,4
1711,9,162,3
1712,14,162,3
1714,150,162,3
1715,194,161,4
1716,282,162,3
1717,380,162,3
1718,410,165,8
1719,421,161,3
1722,69,162,4
1723,172,163,3
1724,206,164,4
1726,337,163,3
1728,367,163,3
1729,403,163,3
1730,446,164,4
1731,454,163,3
1732,474,164,4
1734,646,163,5
1735,661,170,6
1736,726,162,4
1737,18,163,3
1739,130,163,3
1741,333,164,3
1743,418,163,3
1744,480,163,3
1745,486,164,4
1747,570,165,4
1748,625,166,4
1749,635,164,3
1751,310,166,4
1752,467,164,3
1753,513,166,3
1757,168,165,3
1759,346,170,8
1760,540,167,3
1761,577,166,3
1764,667,165,3
1765,678,167,6
1767,787,166,4
1769,180,168,3
1770,233,167,4
1771,325,169,5
1772,426,169,6
1773,439,166,3
1774,459,168,3
1775,483,168,5
1776,506,167,3
1778,161,168,3
1779,185,168,3
1782,487,168,3
1783,630,167,4
1784,653,170,3
1786,124,170,5
1787,218,171,4
1788,332,169,3
1789,402,169,3
1790,476,169,3
1792,749,170,3
1793,782,168,3
1795,78,170,3
1796,116,169,3
1797,167,171,4
1798,303,170,3
1799,438,174,6
1801,490,169,3
1802,609,171,3
1803,20,170,3
1804,40,171,4
1805,133,173,7
1806,187,170,3
1807,190,170,4
1808,208,172,6
1809,291,170,4
1810,311,171,4
1811,412,171,3
1813,672,172,4
1814,796,172,4
1815,232,172,4
1818,576,173,3
1819,719,172,4
1820,756,171,4
1821,762,172,3
1825,142,172,3
1826,195,173,4
1827,307,172,3
1828,357,173,3
1829,362,172,3
1830,383,174,5
1831,410,172,3
1833,681,175,4
1834,758,172,3
1835,155,175,4
1836,171,174,3
1837,550,175,4
1839,754,176,6
1840,21,174,3
1841,26,176,5
1842,34,175,3
1843,181,175,4
1845,420,174,3
1846,455,175,4
1847,485,175,4
1848,502,174,3
1851,541,175,3
1853,700,175,5
1856,46,176,4
1857,119,177,4
1858,146,176,3
1859,213,175,3
1860,218,176,3
1861,238,177,5
1862,253,178,3
1863,307,176,3
1864,329,176,3
1865,367,175,3
1867,60,177,3
1869,297,176,3
1870,477,177,4
1871,606,177,3
1872,628,177,3
1873,647,180,4
1875,86,178,4
1876,138,178,5
1877,196,178,3
1880,406,179,3
1882,616,177,3
1884,764,180,5
1888,420,180,4
1889,462,178,4
1891,539,179,3
1892,634,179,4
1893,677,178,3
1894,110,180,3
1895,166,180,5
1896,299,179,3
1897,367,180,3
1898,494,179,3
1899,728,181,3
1900,779,180,3
1901,45,182,5
1902,67,181,3
1903,114,180,3
1904,121,180,3
1905,127,182,4
1906,135,181,3
1907,161,181,3
1909,308,180,4
1910,321,180,4
1911,339,184,4
1912,400,181,4
1913,505,180,3
1915,560,182,3
1916,695,181,3
1917,30,182,3
1918,50,181,4
1919,152,181,3
1921,353,186,7
1922,470,183,4
1923,517,183,6
1924,791,182,4
1926,141,184,4
1927,191,182,3
1928,375,184,4
1929,446,183,5
1930,524,185,3
1931,750,183,3
1932,759,182,3
1934,54,184,3
1935,121,185,4
1936,132,183,3
1937,147,184,3
1938,157,183,3
1941,601,184,3
1942,745,183,4
1943,780,184,3
1946,185,184,3
1948,324,184,4
1949,362,184,3
1950,365,184,3
1952,508,185,3
1953,256,191,7
1956,304,185,3
1957,440,185,4
1958,462,186,5
1959,473,185,3
1960,496,185,3
1961,529,186,3
1962,607,185,3
1964,729,186,3
1965,771,185,3
1966,65,187,3
1967,71,188,3
1968,230,187,3
1969,599,187,3
1970,683,188,4
1971,745,187,3
1972,753,187,3
1973,762,188,5
1975,48,189,3
1976,157,188,3
1977,195,188,3
1978,325,188,4
1979,332,188,3
1980,359,188,4
1981,396,188,3
1982,401,188,3
1984,8,190,4
1986,223,190,4
1988,433,189,4
1989,459,189,3
1990,471,188,3
1991,608,189,5
1995,668,189,3
1996,735,188,3
1997,770,189,3
1998,784,190,3
1999,38,190,3
2000,141,190,3
2001,147,192,4
2002,267,190,3
2003,380,189,3
2005,519,193,5
2006,535,190,3
2007,626,192,5
2008,635,190,3
2009,698,190,4
2010,704,189,3
2011,749,191,6
2012,42,191,4
2013,153,190,3
2014,188,192,4
2015,478,190,4
2016,498,190,3
2021,131,192,3
2022,158,193,4
2023,342,191,3
2026,720,192,3
2027,735,192,4
2028,758,193,3
2031,168,192,3
2032,194,193,3
2033,353,194,4
2034,364,193,3
2035,420,192,3
2036,453,193,3
2037,481,192,4
2039,673,192,3
2040,198,194,3
2041,275,197,5
2042,477,193,3
2047,181,195,3
2048,263,195,3
2050,395,195,3
2051,500,196,4
2052,555,196,3
2053,595,196,3
2054,779,194,3
2057,32,195,3
2058,44,197,4
2059,62,197,5
2060,333,196,4
2061,448,195,3
2062,459,196,3
2063,474,196,4
2064,536,196,3
2065,672,196,4
2066,683,196,3
2067,691,196,4
2068,49,197,3
2070,103,197,3
2073,375,197,4
2075,454,199,5
2076,468,198,4
2077,542,197,3
2078,696,196,3
2080,72,200,4
2082,165,197,3
2084,405,200,7
2089,620,198,3
2090,656,198,4
2091,757,198,4
2093,30,204,7
2094,57,203,6
2095,415,198,3
2096,448,199,3
2098,736,199,3
2099,183,200,3
2100,239,201,4
2101,249,203,4
2102,266,202,5
2105,639,200,3
2106,707,200,3
2108,749,200,3
2109,780,200,5
2110,15,202,4
2112,359,200,5
2113,394,201,3
2114,587,200,3
2115,617,202,3
2116,623,203,4
2117,678,201,4
2118,684,202,5
2119,695,201,4
2121,4,204,5
2122,100,202,5
2123,118,202,4
2126,214,201,3
2128,642,202,3
2129,65,203,3
2130,78,202,4
2132,163,206,3
2134,231,203,6
2135,275,210,7
2136,312,203,3
2139,540,205,7
2141,646,202,3
2142,650,203,3
2143,743,203,4
2146,328,203,4
2148,413,203,3
2149,758,204,4
2150,775,204,4
2151,48,207,3
2152,55,205,3
2153,449,207,5
2154,519,205,3
2156,636,205,3
2158,94,206,3
2161,405,207,4
2162,423,206,4
2163,505,207,4
2165,524,205,4
2166,602,206,3
2167,691,205,3
2168,746,209,5
2169,9,206,3
2170,17,207,3
2171,101,207,3
2173,155,206,3
2176,457,209,6
2177,470,207,3
2178,479,207,3
2181,709,206,4
2182,738,207,3
2183,779,206,3
2186,220,209,4
2187,230,208,3
2190,498,207,3
2193,627,208,3
2194,699,208,3
2196,53,211,5
2197,90,208,3
2198,96,208,3
2199,261,209,3
2200,358,209,3
2202,393,209,3
2203,416,208,3
2205,636,213,9
2206,645,208,3
2207,662,208,3
2208,680,208,3
2209,752,209,4
2210,20,209,3
2211,103,212,5
2212,153,209,4
2213,239,210,3
2214,256,209,3
2215,291,214,4
2216,322,209,3
2217,329,209,3
2220,475,209,3
2221,532,210,3
2223,707,212,3
2225,4,215,4
2226,65,210,3
2227,70,211,4
2229,170,213,5
2230,244,210,3
2233,590,210,3
2234,647,210,3
2235,693,211,4
2236,738,211,3
2237,757,210,3
2238,778,212,5
2240,407,212,4
2241,475,212,3
2242,499,212,6
2243,682,211,4
2245,79,213,3
2246,84,213,3
2247,91,213,3
2248,96,214,4
2249,225,215,5
2250,235,213,5
2251,324,212,3
2252,451,213,3
2253,470,216,5
2254,543,214,5
2256,625,212,3
2257,646,215,3
2258,700,214,4
2259,445,215,3
2260,750,214,3
2261,767,215,3
2262,788,214,3
2263,17,215,4
2264,63,217,5
2265,88,214,3
2267,210,214,3
2268,282,215,3
2271,521,214,4
2272,615,215,5
2273,762,215,3
2274,56,216,3
2275,158,216,3
2277,400,215,4
2279,625,216,3
2280,693,217,5
2281,757,216,3
2282,33,217,4
2284,72,217,4
2285,537,217,5
2287,773,218,3
2288,780,217,3
2291,236,218,3
2292,279,219,3
2294,391,218,3
2295,466,219,3
2296,485,219,3
2298,556,220,5
2299,703,222,5
2300,760,217,3
2301,52,218,3
2302,86,220,3
2303,204,220,3
2304,240,218,3
2306,412,219,3
2308,546,220,4
2309,681,220,4
2310,698,220,3
2312,791,218,4
2313,229,219,3
2315,449,219,4
2317,111,223,5
2319,212,221,5
2320,252,221,3
2323,497,221,3
2324,501,221,4
2325,520,222,3
2326,598,227,7
2327,645,221,3
2328,659,223,5
2329,667,223,4
2331,61,223,3
2332,75,222,4
2333,95,222,4
2334,240,222,3
2335,260,222,4
2336,331,221,3
2337,402,222,3
2338,434,227,6
2339,712,222,3
2341,778,222,3
2343,5,223,3
2344,45,223,3
2345,52,223,3
2346,229,224,3
2347,359,222,3
2351,220,225,4
2352,409,223,3
2353,418,224,3
2354,463,225,5
2355,480,226,6
2356,637,224,4
2357,774,223,3
2360,165,229,5
2362,208,232,8
2363,286,225,3
2364,632,225,3
2365,708,224,3
2367,760,226,3
2368,12,225,3
2372,390,226,5
2373,561,226,3
2374,570,227,3
2375,608,228,3
2376,616,230,3
2378,643,226,6
2380,673,226,3
2381,780,228,5
2384,244,226,3
2385,400,226,4
2386,418,232,7
2387,520,230,6
2388,529,227,3
2389,532,226,3
2390,684,227,3
2392,61,229,3
2393,239,229,4
2396,554,227,3
2398,103,229,3
2399,152,228,3
2400,257,229,5
2401,267,228,3
2403,423,228,3
2404,550,231,6
2406,712,233,5
2407,69,229,4
2408,196,232,5
2409,285,231,5
2410,294,231,4
2411,538,229,4
2412,639,230,4
2413,667,230,3
2414,734,230,3
2418,219,233,3
2419,74,232,4
2420,114,232,4
2421,266,232,4
2424,496,232,3
2425,635,231,3
2427,742,232,3
2428,46,235,6
2431,187,232,3
2432,202,232,3
2433,429,233,3
2434,505,239,5
2435,527,235,4
2436,646,234,3
2437,737,232,3
2438,103,234,3
2439,243,234,3
2440,254,234,3
2441,262,233,3
2442,274,234,4
2443,385,235,3
2444,490,236,3
2445,538,234,3
2447,656,236,7
2448,667,236,5
2456,202,236,4
2457,249,235,4
2459,447,236,4
2460,476,236,5
2463,611,237,4
2464,704,235,4
2466,16,236,4
2467,36,239,3
2472,432,236,3
2473,442,236,3
2474,679,238,6
2475,10,237,3
2476,96,238,5
2478,146,238,4
2479,169,238,3
2480,236,237,3
2482,411,240,4
2485,759,241,4
2486,76,239,3
2487,80,244,5
2488,117,240,6
2489,150,238,3
2491,240,238,3
2492,484,239,3
2494,56,239,4
2495,260,241,4
2496,280,240,4
2498,440,242,6
2499,463,241,5
2503,606,240,4
2504,733,240,4
2505,745,239,3
2506,794,239,3
2507,19,240,3
2508,27,241,3
2509,287,241,3
2512,415,240,3
2513,476,240,4
2515,617,241,3
2516,637,241,5
2518,10,242,3
2519,45,246,7
2520,70,241,3
2522,273,242,6
2523,292,242,3
2524,311,242,3
2527,663,241,3
2528,675,243,4
2529,172,243,3
2530,283,242,3
2532,482,242,3
2533,490,243,4
2534,526,243,3
2536,698,242,3
2537,16,244,4
2538,35,244,3
2539,230,244,4
2540,421,246,7
2544,610,243,3
2545,654,244,3
2546,59,245,3
2547,89,245,5
2548,93,244,3
2549,131,245,3
2550,254,244,3
2551,429,246,4
2554,601,244,3
2555,630,244,4
2556,744,246,3
2557,241,247,5
2558,487,245,3
2560,613,245,3
2561,664,247,4
2562,703,246,5
2566,168,246,3
2567,182,249,4
2568,192,246,4
2569,235,246,3
2571,282,247,3
2572,465,247,3
2576,658,246,4
2578,793,247,3
2579,104,249,5
2581,251,247,3
2582,294,248,4
2584,774,248,3
2585,112,249,3
2586,230,252,4
2588,443,250,4
2592,784,250,4
2593,140,249,4
2594,146,249,4
2595,189,249,3
2596,194,251,5
2597,468,250,4
2599,563,249,4
2601,60,251,4
2602,253,251,3
2603,284,251,5
2604,438,251,3
2605,459,251,5
2607,615,251,5
2608,796,250,3
2609,38,251,3
2610,68,252,5
2611,128,251,4
2612,134,252,4
2613,165,252,4
2615,209,252,3
2616,529,255,5
2618,693,251,3
2621,756,254,3
2622,32,252,5
2626,291,252,3
2627,427,254,4
2629,664,252,3
2630,713,253,4
2631,151,255,5
2632,160,253,3
2633,202,254,3
2634,235,253,3
2635,270,258,9
2636,404,254,3
2637,683,254,5
2638,691,255,4
2639,788,254,3
2640,37,259,5
2642,379,254,3
2644,485,255,3
2646,560,257,4
2647,654,256,4
2648,738,254,3
2649,793,254,3
2650,31,259,4
2651,114,255,3
2652,293,256,4
2654,389,255,4
2655,432,255,3
2657,604,255,3
2658,621,256,3
2659,697,256,4
2660,780,256,3
2661,46,257,4
2662,384,256,3
2663,456,256,4
2664,463,258,3
2667,108,258,4
2668,112,258,3
2671,441,257,3
2672,493,258,4
2673,497,258,3
2674,738,258,3
2675,795,258,4
2676,53,258,3
2677,69,262,7
2679,389,260,4
2680,423,259,3
2681,436,258,3
2682,686,259,6
2683,713,259,4
2684,160,260,3
2685,254,260,3
2688,540,260,3
2689,546,259,3
2692,657,260,4
2693,691,259,3
2694,732,260,4
2695,757,261,4
2696,764,259,3
2697,780,260,3
2698,786,259,3
2699,126,265,7
2700,202,262,3
2701,210,260,3
2702,223,265,4
2704,441,265,5
2707,116,261,3
2708,137,261,3
2709,168,263,6
2711,238,264,3
2712,243,261,3
2714,460,261,3
2715,499,262,3
2717,729,261,3
2718,793,262,5
2719,52,263,4
2720,288,263,3
2721,428,262,3
2722,434,264,4
2725,682,262,3
2726,697,262,3
2728,22,264,3
2729,85,266,3
2730,160,265,4
2732,375,264,5
2733,452,264,3
2735,480,265,4
2736,630,264,3
2737,647,266,5
2742,740,265,3
2743,754,265,3
2744,14,267,3
2745,26,265,3
2746,58,268,7
2747,272,266,3
2748,383,266,4
2749,398,266,5
2750,414,268,4
2751,488,266,3
2752,538,267,3
2753,548,266,3
2754,653,267,5
2755,726,267,3
2756,746,266,4
2757,758,268,5
2760,456,266,4
2763,701,267,3
2765,51,269,5
2767,114,270,6
2768,261,269,4
2769,286,269,4
2771,492,267,3
2773,589,269,3
2774,608,267,3
2775,672,269,5
2776,778,268,3
2777,180,271,6
2778,268,273,5
2779,314,268,4
2781,482,269,3
2782,639,269,3
2783,108,271,5
2785,256,269,3
2786,433,270,3
2787,545,269,3
2790,664,270,3
2791,86,271,3
2792,171,271,3
2793,190,270,4
2795,281,270,3
2796,367,270,3
2797,409,273,3
2798,428,272,4
2800,542,270,3
2801,564,271,3
2802,653,271,3
2803,699,271,3
2804,771,272,3
2805,795,272,4
2806,65,271,3
2807,154,271,3
2808,253,273,4
2809,404,272,3
2810,477,274,4
2811,552,273,4
2813,659,271,3
2814,75,273,3
2815,97,272,3
2817,242,272,3
2819,418,272,4
2821,558,273,5
2823,692,273,3
2826,398,274,3
2827,441,274,3
2828,506,276,5
2829,639,279,6
2830,683,274,3
2831,715,273,3
2833,777,276,4
2834,65,276,4
2836,159,275,4
2837,168,274,4
2838,306,275,3
2839,383,275,3
2840,424,274,3
2841,444,278,5
2843,542,275,3
2845,652,275,3
2846,670,278,7
2847,724,275,3
2848,729,274,3
2851,247,275,3
2852,281,278,7
2853,314,276,4
2854,742,276,5
2855,2,276,3
2856,22,277,4
2857,129,281,7
2859,436,276,3
2862,539,276,3
2865,701,277,3
2866,29,280,4
2867,58,278,4
2868,113,281,6
2869,241,278,3
2871,427,277,3
2872,552,279,4
2873,657,278,4
2874,681,277,3
2875,690,278,4
2876,704,277,3
2878,154,278,3
2879,162,278,3
2880,248,280,4
2883,456,279,3
2885,558,278,3
2886,565,280,4
2890,99,280,3
2892,726,281,4
2893,765,279,3
2894,308,285,7
2895,317,280,4
2899,780,281,3
2900,154,282,3
2902,387,281,3
2904,429,286,5
2905,538,282,3
2906,578,283,4
2907,737,282,3
2908,774,282,4
2909,40,282,3
2910,66,284,5
2911,108,283,3
2912,149,286,6
2913,161,286,4
2914,217,284,3
2915,289,284,5
2917,477,283,3
2919,655,282,4
2920,682,284,4
2923,301,283,3
2926,471,284,3
2927,677,284,3
2928,741,283,3
2929,759,285,3
2930,61,284,3
2931,268,286,5
2932,357,286,3
2933,446,284,4
2934,451,287,4
2936,702,284,3
2938,784,284,3
2939,88,286,4
2940,170,286,3
2941,175,285,3
2943,376,285,3
2946,551,286,3
2947,559,286,3
2948,591,286,3
2949,657,286,4
2950,674,286,3
2951,687,286,3
2952,729,285,3
2953,733,285,4
2954,93,287,4
2955,254,286,4
2957,533,288,3
2958,580,287,3
2959,629,286,4
2961,740,288,3
2963,30,288,4
2965,155,287,3
2966,210,287,3
2969,419,289,3
2970,456,288,3
2971,554,287,3
2972,666,289,4
2975,101,290,7
2976,469,289,5
2977,498,288,3
2978,612,289,4
2979,621,289,4
2981,781,289,3
2983,122,298,9
2984,173,290,4
2986,287,292,5
2988,380,289,3
2990,775,290,4
2991,335,290,3
2992,416,290,4
2993,570,291,3
2994,592,291,3
2995,762,293,4
2996,789,290,3
2997,797,291,3
2998,202,293,4
2999,266,291,3
3001,294,291,4
3002,330,295,5
3004,450,294,3
3005,481,292,3
3007,556,292,4
3008,576,292,4
3009,719,291,3
3010,731,293,5
3011,751,293,3
3012,786,291,3
3013,792,291,3
3016,90,293,3
3017,108,293,3
3018,131,294,4
3021,210,293,3
3026,689,294,5
3027,743,294,5
3028,80,293,4
3029,172,294,3
3030,177,293,3
3032,422,293,3
3033,466,293,3
3034,656,294,3
3035,42,295,4
3036,112,296,4
3037,158,296,4
3039,651,296,4
3040,5,300,4
3041,48,295,4
3042,69,305,6
3043,75,295,3
3044,195,296,4
3045,274,295,4
3047,462,299,5
3048,484,296,3
3049,580,297,3
3050,791,297,3
3051,45,296,3
3052,166,298,3
3053,175,296,3
3054,434,298,3
3055,548,300,6
3057,659,297,4
3059,796,297,3
3060,95,298,3
3061,188,297,3
3062,219,297,3
3065,535,298,3
3066,576,298,3
3068,754,299,3
3069,101,304,6
3070,132,299,3
3071,138,300,4
3075,415,298,3
3076,419,298,3
3077,509,300,5
3078,562,298,4
3079,612,299,3
3080,720,299,5
3081,785,299,4
3082,50,300,3
3083,218,301,4
3085,284,299,3
3088,428,299,4
3091,573,299,3
3092,588,301,3
3094,641,300,3
3095,669,300,3
3097,762,299,3
3098,79,303,6
3099,694,301,4
3100,47,301,3
3101,57,302,4
3102,214,302,3
3103,228,301,4
3104,351,302,4
3106,414,301,3
3107,418,305,4
3108,437,302,3
3110,562,302,4
3111,654,302,4
3112,664,302,3
3113,683,304,3
3114,740,306,5
3116,87,302,3
3117,129,303,3
3118,147,306,6
3119,171,305,9
3121,541,302,3
3123,765,303,5
3125,208,304,3
3126,410,303,3
3128,504,303,3
3131,756,305,5
3132,786,305,3
3133,135,305,5
3134,573,305,3
3135,578,305,3
3136,596,304,4
3137,615,304,4
3139,657,305,3
3140,747,305,3
3141,87,306,3
3142,232,306,3
3145,584,305,3
3146,661,308,6
3148,763,306,3
3149,796,307,5
3150,49,307,3
3151,120,308,3
3152,391,306,4
3155,457,308,3
3157,510,307,4
3158,554,306,4
3160,715,307,3
3161,724,308,4
3162,142,307,3
3163,220,308,3
3166,357,308,3
3167,507,307,3
3168,545,307,3
3169,766,308,3
3170,187,311,5
3171,195,309,4
3172,203,309,3
3173,350,309,5
3174,646,308,3
3176,326,310,3
3177,505,309,3
3178,627,310,3
3182,254,311,3
3183,312,312,3
3185,499,311,3
3186,520,313,3
3187,564,311,3
3189,654,311,5
3190,3,312,3
3192,42,311,3
3193,88,315,4
3194,111,312,4
3195,130,312,4
3196,143,311,3
3197,216,312,4
3198,228,312,3
3201,649,311,3
3202,674,314,4
3203,745,313,4
3204,19,313,3
3205,102,314,5
3206,137,314,5
3207,155,314,4
3208,270,313,3
3211,590,312,4
3213,712,313,3
3215,786,312,4
3216,796,315,4
3217,121,314,3
3218,164,316,7
3219,199,317,7
3220,209,313,3
3222,325,314,3
3225,558,314,3
3226,605,314,3
3227,725,313,4
3228,6,315,4
3231,260,314,3
3232,283,316,3
3233,345,314,3
3236,504,316,4
3237,551,314,3
3241,44,315,3
3242,126,315,4
3243,178,316,4
3244,250,315,3
3246,334,316,3
3248,593,316,3
3250,53,316,3
3252,114,319,5
3255,275,317,3
3256,398,316,3
3257,481,317,3
3258,513,318,4
3259,772,317,3
3260,17,317,3
3261,172,318,3
3262,190,319,5
3263,344,318,3
3265,519,318,3
3266,531,320,5
3268,713,318,3
3269,766,317,4
3270,210,318,3
3271,268,319,3
3273,523,319,3
3274,540,318,4
3275,551,319,3
3276,599,323,6
3278,666,324,6
3279,727,319,3
3280,756,320,5
3281,13,319,3
3282,99,319,3
3283,140,321,4
3284,259,321,4
3286,484,319,3
3287,488,319,4
3288,654,320,3
3289,674,320,3
3290,739,320,3
3291,20,320,3
3292,71,322,4
3293,134,321,3
3294,147,320,3
3296,364,321,3
3297,506,322,5
3298,546,320,3
3299,564,324,6
3300,588,320,4
3302,705,320,3
3305,49,321,3
3306,231,322,4
3307,272,321,3
3308,447,323,4
3309,576,321,4
3310,631,323,4
3311,708,321,4
3314,102,325,4
3316,169,322,3
3317,202,323,3
3318,210,323,4
3320,513,323,3
3322,3,323,4
3323,117,324,3
3324,222,325,4
3325,478,323,3
3327,719,327,5
3329,121,324,3
3330,155,325,3
3331,251,325,4
3332,273,325,3
3335,484,325,3
3336,490,325,3
3337,675,325,3
3339,759,325,3
3340,9,325,3
3341,22,325,3
3342,24,325,4
3344,150,325,3
3345,163,327,3
3346,169,326,3
3347,193,326,3
3348,237,326,4
3349,260,326,3
3351,460,325,3
3352,480,327,3
3354,530,326,3
3355,570,325,4
3356,659,325,3
3357,733,326,6
3358,765,326,3
3359,774,326,3
3361,50,327,3
3362,174,328,5
3363,197,328,7
3364,399,327,3
3365,475,327,3
3366,515,327,3
3367,546,328,5
3368,582,328,3
3370,700,329,3
3372,230,328,3
3373,307,327,3
3374,313,328,4
3375,387,327,3
3376,657,332,5
3377,756,327,3
3379,9,330,4
3381,88,328,3
3382,190,328,4
3383,254,328,3
3384,302,330,3
3386,590,328,3
3389,73,330,3
3390,150,331,4
3391,278,330,4
3392,295,331,5
3394,404,329,4
3395,494,330,3
3396,512,329,3
3397,735,330,3
3398,42,330,4
3399,60,330,4
3400,113,332,4
3403,227,330,3
3404,245,333,5
3405,268,330,3
3407,504,335,5
3409,590,332,4
3411,639,331,5
3415,767,330,3
3418,47,332,4
3419,122,334,5
3421,161,332,3
3424,215,332,3
3425,553,332,3
3427,728,334,7
3428,103,333,4
3430,142,332,3
3431,565,334,3
3433,452,336,4
3435,578,334,4
3438,695,336,6
3439,36,335,4
3440,64,334,3
3441,268,334,4
3442,301,338,4
3443,549,334,3
3444,703,336,3
3445,16,335,4
3446,163,336,3
3447,227,338,4
3448,314,337,4
3451,384,336,4
3453,620,335,3
3455,782,336,3
3457,111,338,7
3458,196,336,3
3459,254,336,3
3460,259,336,3
3461,341,336,3
3462,356,336,3
3463,459,341,6
3465,497,336,4
3467,616,336,3
3468,638,338,3
3469,776,342,5
3470,796,338,4
3471,14,337,3
3472,23,338,4
3473,154,340,6
3474,287,337,3
3475,550,338,4
3477,759,338,3
3478,39,338,3
3479,67,338,4
3480,95,341,7
3481,140,339,4
3482,169,340,5
3483,188,338,3
3486,324,338,5
3488,511,339,3
3492,768,339,3
3493,85,339,3
3494,128,341,3
3495,160,340,3
3496,182,340,4
3497,206,339,3
3499,254,340,3
3500,311,339,3
3502,538,340,4
3503,700,340,5
3504,711,341,4
3505,14,341,3
3507,284,343,4
3508,566,341,4
3509,594,341,3
3510,739,341,4
3511,788,340,3
3512,23,342,3
3513,134,343,3
3514,144,342,3
3515,250,341,4
3518,445,342,3
3519,450,342,3
3520,494,342,3
3521,589,342,3
3522,641,341,3
3525,46,344,3
3526,198,342,4
3528,309,346,4
3529,318,349,7
3531,428,342,3
3532,480,343,5
3533,488,342,3
3534,511,345,5
3535,534,343,3
3538,688,343,3
3539,788,346,5
3541,38,344,3
3542,104,343,3
3543,140,345,4
3544,301,344,3
3549,678,343,3
3552,221,345,3
3553,250,344,4
3554,332,345,4
3555,337,345,3
3556,395,346,3
3559,640,344,4
3560,728,345,3
3562,19,349,6
3563,104,346,4
3564,108,346,3
3565,124,346,3
3566,225,346,3
3567,327,345,3
3568,349,346,4
3569,361,346,4
3570,452,345,3
3571,464,346,3
3572,503,345,3
3573,567,348,3
3575,696,347,6
3577,14,346,4
3578,76,347,3
3579,152,347,3
3580,304,347,3
3582,56,349,4
3584,137,347,3
3585,158,348,4
3587,422,347,3
3588,475,348,3
3589,538,348,4
3590,552,348,4
3595,144,348,3
3597,256,348,4
3598,300,349,3
3599,372,349,3
3600,460,351,5
3601,488,349,5
3602,683,348,3
3604,759,349,3
3606,93,350,3
3607,113,350,4
3608,216,350,4
3610,445,350,3
3611,584,351,5
3612,777,350,3
3613,187,351,4
3615,358,351,4
3616,527,352,5
3617,598,350,4
3619,124,352,3
3620,258,352,3
3621,270,354,5
3622,468,351,3
3624,595,352,3
3625,683,352,3
3626,695,352,3
3627,725,354,3
3628,757,351,3
3629,771,351,3
3630,105,353,3
3631,140,352,3
3632,194,353,3
3633,373,353,3
3635,111,354,3
3636,169,354,3
3638,215,354,3
3640,367,354,4
3641,425,354,4
3642,478,353,3
3644,599,354,3
3646,687,354,3
3648,732,354,3
3649,791,353,3
3650,82,354,3
3651,162,355,4
3654,334,358,6
3655,488,356,5
3657,590,354,3
3659,697,354,3
3660,710,356,3
3661,154,356,4
3662,183,355,3
3663,190,356,4
3664,226,356,3
3666,303,356,3
3667,310,357,5
3668,383,356,3
3669,443,358,6
3672,771,358,4
3674,96,357,3
3675,142,357,4
3676,253,360,5
3678,328,357,4
3680,574,357,3
3681,607,357,4
3683,676,356,4
3684,777,358,5
3685,57,358,3
3687,121,357,3
3688,130,360,4
3691,361,357,3
3692,496,358,3
3693,579,357,3
3694,736,357,4
3695,762,358,3
3696,114,360,3
3698,469,359,3
3701,669,359,3
3703,789,359,3
3704,12,361,6
3705,32,359,4
3706,163,360,4
3708,277,359,3
3710,356,361,6
3714,739,361,4
3715,745,360,4
3716,783,359,3
3717,19,362,6
3719,248,360,4
3720,282,361,3
3721,302,362,3
3722,340,360,3
3723,346,360,3
3724,465,361,3
3725,580,361,3
3726,28,361,3
3727,60,363,3
3728,243,362,3
3729,315,364,5
3732,567,362,6
3736,142,363,4
3738,277,363,3
3739,399,363,4
3740,552,365,5
3741,52,367,6
3742,229,363,3
3743,308,365,4
3744,385,364,5
3745,588,365,8
3748,721,364,3
3749,796,363,3
3750,93,365,3
3752,127,369,5
3754,282,365,3
3755,485,365,4
3756,544,364,3
3758,580,365,4
3759,597,364,3
3760,713,365,5
3761,770,365,4
3762,2,366,3
3763,7,365,3
3764,12,366,5
3766,157,365,3
3768,347,367,4
3769,375,365,5
3773,756,366,4
3774,35,367,3
3775,57,366,3
3777,206,368,3
3778,227,367,3
3779,438,368,3
3780,464,367,3
3781,562,367,3
3784,722,367,3
3785,742,366,4
3786,753,366,3
3787,31,368,3
3788,97,368,4
3789,141,368,4
3790,176,369,4
3791,290,368,3
3796,513,369,4
3797,557,368,5
3799,785,367,3
3800,66,369,4
3801,188,368,3
3802,212,368,4
3804,283,370,4
3805,307,375,9
3807,570,368,3
3808,575,368,3
3809,61,369,3
3811,368,370,4
3812,396,370,4
3815,608,369,3
3818,728,369,4
3819,796,369,3
3820,36,374,5
3823,261,371,3
3825,329,375,5
3827,562,371,3
3828,581,371,3
3829,598,371,4
3831,720,371,5
3832,749,373,3
3833,782,370,4
3834,22,372,3
3835,30,371,3
3837,166,372,4
3838,181,372,3
3839,291,372,4
3840,542,372,3
3841,551,373,5
3843,104,373,4
3844,225,374,3
3845,254,372,3
3846,323,372,3
3847,393,373,3
3849,469,374,3
3851,662,373,3
3853,792,372,3
3854,19,376,6
3856,276,373,3
3857,370,374,3
3858,403,374,4
3860,741,373,3
3862,12,374,4
3863,60,374,3
3864,335,379,4
3865,398,375,3
3866,462,374,3
3867,509,375,4
3868,540,375,3
3869,591,374,3
3870,726,376,4
3871,732,378,5
3872,132,376,4
3873,164,377,5
3874,179,377,5
3877,490,377,3
3878,699,381,3
3879,705,376,3
3880,719,376,3
3881,26,378,5
3882,72,379,5
3883,172,377,4
3884,201,377,3
3887,284,376,3
3888,319,376,3
3889,400,379,6
3891,504,376,3
3892,714,376,4
3894,63,379,5
3898,219,378,4
3899,276,378,3
3900,393,378,4
3902,545,377,3
3903,793,378,3
3908,258,381,5
3909,654,383,7
3911,33,380,3
3912,108,380,3
3913,160,379,3
3914,236,381,4
3915,292,380,4
3916,299,382,4
3918,505,380,4
3920,533,380,3
3923,723,379,3
3925,4,382,3
3926,39,381,3
3927,47,386,5
3929,203,381,3
3930,284,383,5
3931,360,383,6
3933,551,383,5
3934,626,381,3
3935,660,380,3
3936,707,381,4
3937,713,380,3
3938,742,380,3
3940,88,382,3
3941,111,381,3
3943,267,382,4
3944,323,383,5
3945,383,382,3
3949,590,383,3
3950,603,382,3
3951,194,384,3
3952,223,384,4
3955,391,386,5
3956,408,384,4
3957,474,384,3
3958,529,382,3
3959,568,384,4
3962,723,383,3
3963,65,383,3
3964,153,383,3
3965,165,384,3
3966,175,383,3
3968,402,383,3
3969,412,383,3
3970,446,383,3
3972,526,384,3
3973,534,384,4
3974,562,386,4
3976,719,384,4
3977,742,384,4
3978,22,384,3
3979,32,387,6
3980,123,387,4
3982,144,385,3
3983,290,384,3
3984,455,384,3
3985,500,384,3
3986,518,385,3
3987,778,387,4
3989,13,386,3
3990,81,387,4
3991,96,385,4
3992,106,385,3
3993,232,389,4
3994,314,385,3
3997,532,385,3
3998,599,389,5
3999,643,385,3
4000,693,387,3
4002,329,388,4
4003,504,387,5
4004,670,386,3
4005,680,388,3
4006,728,388,5
4009,140,387,3
4010,168,388,3
4011,174,388,3
4012,187,387,3
4013,283,388,3
4014,295,389,5
4017,497,387,3
4018,528,387,3
4020,552,388,3
4021,737,387,3
4023,196,390,3
4025,244,388,3
4026,313,388,3
4027,398,390,5
4028,515,388,4
4029,56,390,6
4031,256,392,4
4032,276,389,3
4033,302,390,4
4034,321,390,4
4035,571,391,5
4036,580,389,3
4038,637,389,3
4039,722,393,6
4040,23,392,4
4042,150,393,6
4044,309,390,5
4045,365,391,3
4049,500,390,3
4050,549,391,3
4051,13,397,6
4052,100,391,3
4053,184,394,5
4054,377,393,3
4056,454,393,3
4059,554,394,4
4061,669,391,3
4062,686,392,4
4063,706,393,5
4064,714,393,6
4065,726,392,3
4066,737,392,3
4067,85,393,3
4068,163,394,4
4069,241,396,7
4070,449,392,3
4071,630,392,3
4072,643,393,3
4073,651,392,3
4074,733,392,3
4075,760,393,5
4076,140,396,6
4077,179,393,3
4078,271,398,9
4079,289,394,4
4080,298,394,4
4081,542,394,4
4082,568,394,3
4083,679,394,3
4084,740,393,3
4085,776,394,4
4087,75,394,3
4088,132,394,3
4089,221,395,3
4090,253,394,3
4091,320,396,6
4092,330,395,3
4096,664,394,3
4097,745,395,3
4098,353,398,4
4099,362,396,3
4100,410,397,3
4101,492,395,3
4102,496,396,4
4104,683,396,3
4105,750,396,3
4106,786,398,3
4107,58,398,3
4108,167,396,3
4109,335,396,3
4110,384,401,4
4111,415,396,4
4112,691,396,3
4113,732,402,8
4114,23,398,4
4115,66,398,3
4117,285,398,3
4118,516,398,3
4119,740,398,3
4120,105,399,3
4121,218,401,4
4122,300,402,5
4123,174,401,5
4124,257,403,5
4125,336,399,3
4127,550,400,3
4128,583,400,4
4130,762,402,5
4131,47,401,3
4132,77,401,4
4133,150,401,3
4134,180,402,4
4135,204,400,4
4137,644,403,5
4138,664,401,3
4139,687,402,4
4140,690,400,3
4141,717,401,3
4143,98,401,3
4149,721,402,3
4151,162,403,3
4152,170,402,3
4154,433,403,3
4155,700,402,3
4156,740,403,3
4157,91,403,3
4158,194,404,5
4160,334,406,6
4161,344,404,4
4163,670,404,5
4164,753,403,3
4165,53,405,3
4167,251,405,3
4168,293,404,3
4169,504,404,3
4170,569,408,5
4172,581,404,4
4173,676,407,4
4174,156,407,3
4175,213,409,5
4176,319,408,4
4178,465,406,4
4181,541,410,3
4182,682,406,3
4183,773,406,3
4184,784,407,3
4185,95,406,3
4186,181,408,5
4187,185,407,3
4188,263,407,4
4191,423,407,3
4192,432,408,4
4194,723,406,3
4195,174,408,3
4196,202,408,6
4197,247,408,3
4198,315,407,3
4199,420,407,3
4202,752,407,3
4204,82,410,4
4206,478,408,4
4207,756,408,3
4208,766,408,3
4212,315,411,5
4213,376,410,5
4216,585,411,4
4218,651,411,4
4219,685,409,3
4220,747,409,3
4222,73,414,6
4223,115,413,5
4224,167,411,3
4225,256,413,5
4226,283,412,3
4229,646,410,3
4230,667,410,3
4232,125,411,3
4233,249,414,5
4235,324,416,5
4236,334,416,5
4237,339,411,3
4240,563,415,6
4242,171,413,3
4243,190,412,3
4244,385,413,3
4245,407,414,5
4247,672,413,4
4249,724,413,3
4250,730,414,3
4252,52,414,3
4253,123,414,3
4254,128,413,3
4256,291,413,3
4257,308,416,3
4259,444,413,3
4260,472,413,3
4264,681,414,5
4265,746,415,3
4266,204,415,3
4267,660,415,3
4268,664,414,3
4270,772,414,4
4271,779,415,3
4272,82,417,3
4273,265,416,5
4274,317,418,4
4278,700,416,3
4279,48,418,5
4280,111,416,4
4281,128,417,4
4282,135,418,4
4286,364,416,4
4287,386,417,3
4289,589,417,5
4291,714,417,3
4292,765,418,5
4293,786,417,3
4295,218,418,4
4296,282,419,4
4297,574,418,3
4298,665,418,3
4299,724,418,4
4300,772,418,3
4302,86,421,5
4303,201,420,3
4304,300,418,3
4306,422,422,4
4307,553,418,3
4308,633,419,4
4309,638,419,4
4310,658,418,3
4311,672,419,4
4312,109,422,4
4313,117,420,4
4314,256,420,3
4316,356,420,3
4317,383,420,3
4318,444,420,4
4322,643,419,3
4323,654,421,4
4325,790,420,4
4327,31,421,3
4328,225,421,3
4330,297,420,3
4331,306,423,5
4332,329,421,3
4333,589,422,3
4334,693,420,3
4335,714,421,3
4336,776,420,3
4338,371,421,3
4339,377,421,3
4341,477,422,4
4343,678,422,5
4344,685,424,5
4345,755,424,5
4346,126,424,5
4347,251,424,6
4348,326,424,4
4349,353,424,5
4350,363,423,3
4351,534,425,4
4352,564,423,3
4353,577,425,4
4355,709,422,3
4356,763,426,4
4357,792,424,4
4358,796,422,3
4360,358,423,3
4362,776,423,3
4364,55,424,3
4365,67,426,3
4366,132,424,3
4368,256,427,5
4369,316,425,3
4370,436,426,3
4371,568,426,3
4372,644,425,3
4373,35,426,3
4375,180,426,3
4376,297,426,3
4377,386,426,4
4378,597,427,3
4380,648,425,3
4381,724,426,3
4382,788,425,3
4385,85,428,6
4386,120,426,3
4387,202,426,3
4388,320,426,3
4389,413,428,6
4392,658,427,5
4393,665,428,4
4394,669,427,3
4395,45,428,3
4396,106,428,3
4397,152,427,4
4398,211,429,3
4399,218,431,5
4400,247,427,3
4401,271,428,4
4402,301,427,3
4403,440,429,3
4404,548,428,3
4405,557,428,3
4406,698,427,3
4407,704,428,4
4408,781,427,3
4409,40,429,3
4410,327,429,3
4411,356,432,4
4412,384,429,3
4413,403,428,3
4416,630,429,3
4417,690,429,3
4418,792,428,3
4419,17,430,3
4420,31,429,4
4421,265,431,5
4422,333,430,3
4423,652,429,3
4424,681,433,6
4426,100,430,3
4427,226,431,4
4428,425,431,3
4431,95,431,3
4433,251,432,3
4434,302,433,4
4435,409,433,3
4436,554,431,3
4437,750,434,4
4438,780,432,3
4439,57,434,4
4440,114,432,3
4441,136,436,6
4442,294,433,3
4443,320,433,3
4444,338,432,3
4445,368,432,3
4446,416,434,4
4447,633,432,3
4448,735,434,6
4449,767,434,4
4450,17,434,3
4451,127,436,3
4452,236,433,3
4453,308,434,4
4454,427,435,3
4455,577,434,3
4456,645,435,5
4457,710,434,3
4458,760,435,3
4459,772,433,3
4460,28,435,4
4461,95,435,3
4462,170,434,3
4463,191,435,3
4464,227,436,3
4465,232,434,4
4466,259,434,3
4467,333,435,4
4468,422,435,3
4469,555,435,4
4470,559,436,4
4471,39,437,3
4472,87,436,3
4474,278,438,4
4475,314,435,4
4476,326,436,3
4477,406,435,3
4479,542,437,3
4480,566,436,3
4481,580,436,3
4483,705,436,3
4485,65,437,5
4488,252,439,3
4489,285,436,3
4490,322,440,6
4491,365,437,3
4494,595,438,4
4495,634,436,3
4497,77,439,4
4498,170,439,5
4499,238,438,4
4500,257,437,3
4501,403,438,3
4502,563,437,3
4503,664,438,3
4504,720,439,5
4505,728,438,3
4506,738,439,3
4507,773,437,3
4508,776,437,3
4509,72,439,3
4510,91,439,3
4511,395,440,3
4513,756,438,3
4514,104,440,3
4520,577,441,4
4521,605,440,3
4522,746,440,3
4523,769,439,3
4524,795,440,4
4525,67,443,5
4526,158,445,5
4527,308,442,5
4529,569,441,4
4530,609,440,3
4531,691,442,6
4532,38,442,3
4534,135,442,4
4536,189,442,3
4538,235,441,3
4539,286,442,4
4540,296,442,3
4541,425,442,3
4542,439,443,5
4545,564,442,3
4546,62,443,3
4547,399,444,5
4548,416,443,3
4550,448,445,5
4552,33,443,3
4554,78,444,4
4555,124,444,5
4557,254,445,7
4558,375,447,8
4559,456,446,5
4561,609,446,4
4564,729,444,3
4565,735,444,5
4566,19,444,3
4568,559,444,3
4569,584,446,4
4571,683,444,3
4572,741,446,4
4575,57,446,4
4576,148,446,4
4577,428,446,4
4579,702,446,4
4581,73,446,3
4582,87,446,3
4583,172,447,3
4585,268,447,3
4586,320,448,3
4589,389,447,4
4590,412,447,3
4591,422,447,4
4592,465,446,3
4593,553,449,6
4594,597,449,3
4597,765,447,4
4598,184,447,3
4599,274,451,6
4600,308,450,4
4601,333,448,3
4602,361,447,4
4603,513,448,3
4604,724,449,5
4605,756,448,3
4606,30,453,5
4607,79,449,3
4608,105,452,3
4609,178,449,3
4611,255,450,4
4612,408,448,3
4613,497,449,4
4615,146,450,3
4616,174,449,3
4617,302,450,3
4618,325,450,3
4620,394,450,3
4621,398,449,3
4622,443,449,3
4624,578,450,3
4625,718,450,5
4627,75,454,6
4628,169,450,3
4629,315,450,3
4630,346,450,4
4631,422,452,5
4632,89,452,5
4633,385,453,6
4634,399,452,3
4635,405,457,7
4637,748,453,4
4638,787,452,4
4640,21,453,4
4642,151,453,3
4643,155,452,3
4644,180,456,5
4646,283,452,3
4647,314,453,3
4650,428,454,6
4651,475,453,4
4652,562,453,4
4653,586,453,3
4654,620,453,1
4656,741,453,4
4657,767,454,4
4658,83,453,3
4659,143,454,3
4661,267,455,4
4662,329,454,5
4663,359,454,3
4664,413,454,3
4666,772,453,3
4667,173,456,4
4668,227,454,3
4669,252,456,3
4671,308,456,5
4672,391,455,4
4674,594,454,3
4675,682,455,5
4676,6,455,4
4677,16,455,4
4678,232,456,4
4679,589,456,5
4680,732,456,3
4683,127,462,5
4685,280,456,3
4687,434,456,4
4688,445,457,5
4689,497,457,3
4690,648,457,3
4691,316,458,4
4693,371,458,3
4694,527,459,5
4695,543,457,3
4697,736,457,3
4698,749,461,5
4700,100,461,5
4702,328,459,3
4704,419,460,6
4705,635,459,3
4706,718,459,3
4707,772,461,4
4708,3,460,4
4710,78,459,3
4711,113,459,3
4712,147,459,3
4714,232,459,3
4715,257,460,3
4716,359,461,4
4717,383,460,3
4722,179,463,4
4723,188,462,5
4724,275,464,9
4725,321,460,3
4726,354,460,4
4727,435,463,4
4730,565,461,4
4731,644,460,3
4732,711,461,4
4733,715,460,3
4734,731,461,3
4735,755,460,3
4736,760,460,3
4737,27,461,3
4740,150,461,3
4741,157,461,3
4743,329,462,3
4744,388,463,4
4745,411,462,4
4746,450,462,3
4747,488,462,4
4748,520,462,3
4749,594,462,6
4751,735,462,4
4752,115,462,3
4753,363,464,4
4755,662,465,3
4757,687,463,4
4758,767,464,4
4760,193,464,4
4761,320,465,4
4762,477,464,3
4763,531,463,4
4764,648,465,4
4768,355,465,4
4769,368,465,3
4770,456,468,5
4773,711,465,3
4774,753,464,3
4775,271,467,4
4776,377,472,7
4777,403,466,3
4778,524,465,3
4782,735,466,3
4783,739,466,3
4784,788,470,6
4787,96,467,3
4788,154,467,4
4789,261,466,3
4790,326,466,3
4792,471,467,3
4793,545,466,3
4796,704,468,5
4797,83,468,3
4798,288,469,4
4799,304,467,4
4800,347,468,3
4801,512,467,3
4802,731,468,3
4803,31,469,4
4805,161,470,4
4806,333,471,3
4807,524,469,3
4808,551,468,3
4809,595,469,5
4810,717,469,3
4813,748,470,4
4814,2,470,3
4816,102,470,4
4817,108,469,3
4818,111,471,3
4819,298,470,5
4820,359,469,3
4821,405,471,4
4822,528,469,4
4827,753,471,4
4829,175,473,4
4831,94,474,4
4832,181,472,3
4835,306,473,6
4838,461,471,3
4842,699,472,3
4843,129,472,4
4845,453,472,4
4848,759,472,3
4850,279,474,3
4851,301,474,3
4853,422,474,3
4854,441,474,3
4855,694,474,3
4857,87,475,3
4859,200,476,3
4861,274,474,4
4863,446,474,3
4866,720,476,5
4868,107,477,4
4870,186,479,7
4873,517,475,3
4875,701,476,3
4878,144,477,3
4879,170,477,4
4880,258,477,3
4881,315,481,4
4885,549,478,4
4887,748,477,4
4890,433,478,3
4892,541,480,4
4895,612,478,5
4896,754,478,4
4897,796,478,4
4898,2,478,3
4901,164,478,3
4902,283,479,3
4903,296,478,3
4904,348,479,3
4906,427,478,3
4907,726,478,4
4909,744,478,3
4912,94,482,3
4914,340,480,3
4915,420,480,4
4916,457,479,3
4919,522,480,4
4922,694,481,4
4924,148,480,4
4929,581,480,4
4930,598,484,5
4931,707,480,3
4932,224,483,5
4934,607,481,3
4935,711,481,3
4937,113,483,3
4940,259,483,3
4941,283,483,4
4943,354,482,4
4944,438,486,3
4946,604,483,3
4947,683,483,3
4948,719,482,3
4949,728,482,3
4950,759,482,3
4951,769,485,6
4956,294,484,3
4957,412,486,5
4961,749,484,3
4962,795,484,3
4963,120,484,3
4964,142,485,4
4965,173,486,3
4966,207,486,4
4967,448,486,4
4968,456,486,4
4969,500,487,4
4971,608,485,6
4972,378,486,3
4973,401,488,5
4974,421,486,3
4977,590,485,3
4978,705,486,3
4979,714,488,8
4980,721,486,3
4983,175,490,5
4984,286,486,3
4986,487,488,4
4988,636,486,4
4990,728,488,4
4993,135,487,4
4994,196,489,4
4996,328,487,4
4997,462,487,3
4999,678,487,3
5000,700,487,3
5001,743,487,4
5004,158,490,4
5005,217,488,3
5008,606,489,3
5012,286,490,3
5013,392,489,3
5014,738,489,3
5015,752,491,5
5017,118,491,3
5018,167,491,5
5019,206,490,3
5020,333,490,3
5021,448,492,3
5022,470,496,6
5023,480,490,3
5025,700,491,3
5026,144,491,3
5027,213,492,4
5029,236,492,3
5030,290,491,3
5031,327,491,3
5032,373,491,3
5033,495,492,4
5036,745,492,3
5037,764,492,3
5039,135,495,3
5040,148,493,4
5041,316,493,4
5044,441,493,3
5045,459,496,7
5046,574,492,4
5047,599,493,3
5050,738,493,3
5053,232,493,3
5054,283,494,3
5055,430,496,4
5056,478,493,3
5057,484,494,4
5058,490,495,4
5059,528,493,3
5060,535,494,5
5061,668,494,5
5062,788,493,1
5065,248,494,3
5066,330,496,6
5067,374,496,4
5068,540,494,3
5069,608,496,4
5072,187,495,3
5073,287,496,3
5074,345,496,3
5075,363,496,3
5076,402,498,4
5077,575,498,3
5079,765,497,4
5080,369,499,5
5082,480,497,4
5083,497,498,4
5084,601,497,3
5085,684,497,4
5086,696,497,3
5087,707,496,3
5088,732,498,3
5092,152,498,3
5093,156,498,4
5094,187,499,4
5095,249,498,3
5097,339,497,3
5098,393,499,3
5099,505,499,5
5100,508,497,4
5101,596,498,4
5103,112,498,3
5104,198,500,3
5105,244,504,7
5106,265,498,3
5109,424,499,3
5112,144,500,3
5115,447,500,3
5117,687,500,3
5118,697,500,3
5119,757,500,3
5121,54,500,4
5122,162,500,3
5123,191,500,3
5124,294,501,4
5125,513,501,3
5126,564,502,4
5127,731,504,6
5128,100,502,1
5129,234,503,3
5131,325,502,3
5132,339,502,3
5133,350,502,4
5134,430,502,3
5136,654,502,3
5140,377,502,4
5141,426,502,3
5143,402,504,3
5144,446,505,4
5145,716,504,3
5149,138,504,4
5150,142,505,3
5152,408,504,4
5153,431,505,3
5154,508,504,4
5155,579,505,3
5156,635,506,3
5157,159,505,3
5158,348,505,3
5159,398,505,3
5162,455,506,3
5163,463,507,3
5164,479,506,3
5166,678,511,8
5168,345,506,3
5169,472,506,3
5171,540,506,4
5178,769,510,4
5183,159,508,3
5184,175,507,3
5185,263,508,3
5187,410,508,4
5188,421,509,4
5189,438,509,5
5190,483,507,3
5191,499,507,3
5195,722,507,3
5198,145,508,3
5201,351,508,3
5202,366,510,3
5209,218,511,3
5211,261,509,3
5213,346,511,4
5214,494,510,3
5218,269,510,3
5221,399,510,3
5222,430,511,3
5224,491,510,3
5229,722,512,4
5233,237,511,4
5234,377,512,3
5235,390,512,4
5236,443,511,3
5237,446,514,5
5238,466,512,3
5240,729,511,3
5241,749,511,3
5243,166,512,4
5244,260,512,3
5245,483,513,3
5246,497,513,3
5249,210,515,3
5251,275,514,3
5252,340,514,4
5253,433,513,3
5254,440,513,3
5255,512,514,4
5257,659,515,3
5258,744,516,4
5264,268,515,3
5265,408,516,3
5268,68,516,4
5270,198,515,3
5271,205,515,3
5272,384,516,4
5276,698,516,4
5277,757,517,5
5278,795,518,3
5282,379,516,3
5283,388,517,3
5290,764,516,3
5291,72,517,3
5294,255,517,3
5295,272,519,4
5297,344,517,4
5298,362,521,5
5299,442,517,3
5300,499,518,4
5301,515,520,4
5304,396,519,3
5305,474,518,3
5307,281,521,3
5308,412,520,3
5310,470,520,3
5313,696,519,3
5319,243,522,3
5320,392,520,3
5321,464,520,3
5322,499,521,3
5324,736,521,3
5327,178,521,3
5328,384,522,3
5329,441,522,3
5332,679,522,3
5333,732,521,3
5335,768,522,3
5339,328,522,4
5340,406,523,3
5341,477,522,3
5342,703,525,6
5344,725,523,3
5348,391,523,3
5349,435,523,3
5350,457,523,4
5351,480,523,3
5352,690,527,5
5353,738,524,4
5355,79,524,3
5357,210,527,4
5361,443,526,3
5362,485,525,4
5363,500,525,3
5365,708,524,4
5367,285,528,4
5368,372,527,5
5369,394,526,4
5370,473,528,6
5371,507,527,3
5374,381,527,3
5378,653,526,3
5379,678,528,3
5380,683,526,3
5392,635,528,3
5396,238,530,4
5397,361,529,3
5399,498,528,3
5400,513,530,4
5403,761,529,4
5407,279,530,3
5414,177,530,3
