source,target,length
0,2,8.95
0,1,9.22
0,11,11.99
0,27,8.0
1,3,20.89
1,15,7.65
1,21,8.67
1,32,11.7
2,5,12.89
2,11,8.36
3,6,19.41
3,7,4.83
4,4,4.47
4,6,11.58
4,12,8.26
5,10,4.83
5,11,12.26
6,23,10.99
7,15,7.24
7,22,5.83
8,9,17.31
8,8,8.25
8,26,8.1
8,34,10.47
8,59,11.08
8,18,12.83
9,10,5.24
9,26,5.41
10,20,6.0
11,35,11.57
12,13,5.4
12,29,8.99
13,14,13.71
13,16,4.0
14,14,8.25
14,17,11.54
14,24,5.47
14,37,8.4
14,47,16.49
15,21,4.41
16,24,5.41
16,43,9.81
17,37,6.06
17,25,13.41
18,28,12.02
18,31,4.0
20,39,12.23
20,34,8.07
21,32,8.83
22,33,10.66
22,41,8.83
23,33,8.48
23,36,10.65
23,49,11.06
24,43,10.89
25,30,7.84
25,51,7.36
26,34,5.0
27,32,10.93
27,46,6.83
28,38,9.66
28,40,7.24
28,45,7.21
29,36,7.24
29,43,10.66
29,42,4.24
30,52,12.23
30,44,10.99
31,40,4.47
31,50,7.24
32,56,14.07
32,41,15.43
33,41,12.84
33,49,4.58
34,39,10.08
34,59,11.9
35,39,10.45
35,55,8.36
35,53,6.43
36,68,12.49
36,54,7.06
37,47,5.61
38,48,7.83
38,45,4.58
39,55,9.99
39,72,10.31
40,50,4.24
41,67,11.54
42,43,8.08
42,54,5.89
43,43,10.2
43,80,16.56
43,69,10.05
44,57,17.68
44,44,4.0
44,52,8.55
45,48,8.12
45,62,11.15
46,53,7.65
46,56,10.23
47,51,9.1
47,70,8.24
48,48,6.32
48,65,7.07
49,60,7.12
50,58,4.47
50,66,8.95
51,52,10.62
51,70,10.65
52,52,4.47
52,84,10.08
52,79,12.03
53,63,5.0
54,68,5.24
55,63,8.02
55,83,6.12
56,76,14.23
56,98,10.48
56,105,14.54
57,79,8.89
57,64,4.47
58,62,8.8
58,66,8.26
59,66,14.06
59,75,5.06
60,67,9.7
60,93,8.0
62,88,13.0
62,66,11.7
62,101,10.62
62,110,9.07
63,76,10.11
64,71,5.47
64,87,14.45
65,82,17.31
65,74,3.0
66,101,8.26
66,114,16.76
67,99,9.82
68,80,5.61
69,89,10.48
69,106,12.91
69,102,9.24
70,94,6.41
71,73,10.41
71,107,8.41
72,75,6.0
72,92,7.89
73,85,9.12
73,103,9.41
73,91,5.16
74,109,14.88
74,88,8.66
75,96,10.51
76,76,16.0
76,83,12.19
76,98,9.83
76,130,17.3
76,147,18.55
79,87,10.73
80,108,12.19
80,89,7.54
80,106,13.48
82,124,30.22
82,109,11.02
83,97,7.81
84,84,10.99
84,100,8.08
84,117,14.66
85,91,5.41
85,95,4.24
87,100,7.16
87,87,12.65
87,179,23.3
87,203,31.56
88,121,12.83
89,106,6.16
91,116,9.16
92,104,8.24
92,97,4.83
93,99,4.24
93,108,11.24
94,117,10.89
94,123,10.24
95,116,9.49
95,111,10.37
96,96,5.66
96,104,10.47
96,114,11.62
97,127,10.49
97,130,14.06
98,105,8.43
99,99,4.47
99,118,11.54
100,100,6.0
101,112,5.06
101,113,5.24
102,106,12.23
102,119,6.83
103,107,4.0
103,116,9.26
104,127,7.29
104,156,18.63
105,115,14.26
105,131,8.84
105,152,13.43
106,145,10.41
107,129,8.24
108,128,9.43
108,118,9.47
109,125,7.02
109,136,9.54
110,112,4.0
110,126,8.1
111,132,13.34
111,138,8.37
111,116,10.26
111,135,14.13
112,122,4.24
113,122,3.83
113,114,9.66
114,156,17.86
115,115,7.4
115,131,8.08
115,143,10.3
116,129,8.58
116,135,7.47
117,123,5.83
118,118,7.21
118,144,12.31
119,123,14.41
119,170,19.26
120,142,8.47
120,120,10.0
120,124,11.5
121,125,7.1
121,126,13.1
121,146,8.23
122,126,10.07
123,139,8.37
124,124,10.54
124,136,15.73
124,182,12.58
124,163,10.57
125,146,7.83
126,126,6.32
126,165,12.25
126,177,11.75
126,153,12.82
127,151,7.16
128,144,11.57
128,145,12.67
129,134,3.65
130,159,6.89
130,147,13.42
131,166,10.02
132,155,10.89
132,138,9.64
134,134,2.0
134,150,4.83
135,150,6.47
135,167,22.13
136,146,10.16
136,172,11.1
138,158,4.65
139,139,10.13
139,161,13.4
139,192,12.43
142,162,10.37
142,188,18.73
143,157,11.83
143,160,8.51
144,160,20.19
144,184,12.85
144,212,20.63
145,145,2.83
146,164,5.0
147,152,7.12
147,190,9.84
150,150,0.0
151,156,7.07
151,159,9.65
152,178,7.41
153,153,4.0
153,169,5.47
155,185,13.72
155,168,8.24
156,186,17.97
156,156,2.83
156,174,12.32
156,198,8.7
157,166,5.65
157,183,8.75
157,160,10.52
158,167,6.41
158,185,10.07
159,174,5.61
160,160,10.0
160,209,9.3
160,202,11.71
160,197,9.23
161,161,2.83
161,179,5.06
162,176,6.77
162,181,5.06
163,182,9.08
163,172,11.4
164,195,8.24
164,173,6.41
165,173,4.0
165,177,5.61
165,228,14.58
166,183,8.39
167,193,8.26
167,167,6.32
168,168,4.47
168,205,14.58
168,180,6.77
169,169,6.32
169,189,6.77
170,216,16.24
170,191,11.7
170,224,11.06
172,195,6.61
172,220,9.54
173,195,11.49
174,196,8.24
174,208,7.61
176,200,15.82
176,206,8.16
177,189,10.4
178,201,8.89
178,183,10.23
179,187,5.47
179,199,5.83
180,205,11.86
180,226,17.68
181,188,9.43
181,194,5.16
182,211,7.47
182,188,10.45
182,182,5.66
183,202,3.24
183,237,13.23
183,238,9.75
184,191,9.4
184,212,7.0
185,193,4.41
186,223,15.51
186,189,10.16
186,222,8.41
187,187,4.0
187,192,6.24
188,194,9.21
188,219,12.71
188,257,16.02
188,206,21.88
189,207,5.65
190,196,5.0
190,201,5.99
190,214,6.24
191,191,4.47
191,215,5.0
192,218,14.24
193,204,5.16
194,206,8.16
195,221,8.0
196,213,8.02
197,230,12.98
197,245,13.07
198,208,7.1
198,235,9.66
199,218,8.26
199,225,7.24
200,234,11.48
200,206,9.93
201,237,12.48
201,236,7.24
202,209,6.83
203,210,7.61
203,239,9.02
203,240,6.36
204,204,4.47
204,248,7.81
204,232,9.26
205,241,8.16
205,242,12.07
206,234,15.21
206,206,8.58
207,207,4.0
207,229,7.24
208,213,7.06
209,230,6.0
210,240,5.02
210,251,6.47
211,219,2.83
211,244,9.41
212,215,9.0
212,260,9.24
213,214,7.16
213,259,8.41
214,236,6.66
215,231,3.41
216,224,6.41
216,256,11.3
216,250,10.41
218,225,8.34
218,253,7.24
219,243,4.0
220,221,6.24
220,249,4.47
221,264,12.26
222,258,10.83
222,223,8.61
223,266,9.12
224,246,11.43
224,250,5.24
225,247,6.51
226,242,11.34
226,277,11.67
228,229,10.61
228,265,7.0
229,229,6.0
229,258,10.45
230,238,5.24
230,245,13.6
230,268,7.3
231,246,11.41
231,255,6.99
232,232,8.0
232,262,12.34
232,270,8.48
234,263,12.64
234,274,9.65
235,235,4.0
235,266,23.47
236,237,8.16
236,271,10.48
236,294,14.36
237,275,8.32
238,268,7.24
239,247,4.83
239,254,10.37
239,276,7.58
240,254,10.06
241,241,4.47
241,242,10.29
241,270,10.24
241,281,9.95
242,281,12.55
243,244,6.0
243,257,5.06
244,249,9.41
244,279,9.3
245,245,11.31
245,313,12.33
246,255,10.16
246,269,9.0
246,246,14.42
246,302,11.07
246,291,22.9
247,253,7.29
247,287,9.05
247,276,6.71
248,262,6.16
248,252,14.06
249,264,12.3
250,269,4.24
251,254,10.32
251,261,4.47
252,252,2.0
252,262,7.02
253,287,7.06
254,276,7.58
254,261,9.91
254,311,13.36
254,320,9.4
254,325,9.85
255,260,6.0
255,291,5.99
256,272,5.4
256,256,4.47
256,286,8.16
257,282,6.89
257,279,6.48
258,258,4.0
258,266,14.89
258,265,25.15
259,259,2.0
259,271,5.83
260,291,7.41
261,261,4.0
262,321,15.6
262,311,13.85
263,315,11.66
263,292,14.95
264,265,13.65
264,283,10.16
264,264,8.25
268,295,6.89
268,296,8.66
269,272,5.0
269,297,6.47
270,304,8.06
271,294,16.43
272,286,10.32
274,288,6.41
274,316,9.66
275,301,6.06
275,295,7.83
276,310,5.0
277,306,9.61
277,305,9.07
278,288,7.89
278,278,4.0
278,282,20.07
279,282,10.24
279,283,14.63
281,326,21.58
281,332,13.07
281,281,4.47
281,305,11.69
283,283,5.66
286,286,8.49
286,297,9.0
286,303,8.41
286,344,12.06
286,345,13.47
287,303,9.77
287,314,6.06
288,307,5.0
292,315,8.08
292,348,8.84
294,301,5.0
294,294,6.0
295,318,7.06
295,301,13.78
296,318,7.89
296,319,4.83
297,302,8.66
302,353,8.07
302,362,10.26
303,334,13.8
304,304,2.0
304,322,4.83
305,327,4.83
306,306,6.32
306,327,7.0
306,364,27.9
307,323,7.02
307,328,4.41
310,314,7.41
310,325,5.24
311,335,6.24
313,319,5.58
313,313,4.47
314,334,10.81
315,348,9.48
316,316,2.83
316,323,4.24
316,340,5.0
318,318,4.0
318,319,10.12
320,346,7.89
320,354,10.26
321,322,6.4
321,347,4.41
322,326,8.16
322,376,17.6
323,328,8.06
323,349,5.0
325,334,17.44
325,346,4.47
326,356,12.24
326,402,11.1
327,339,6.89
328,361,7.32
332,339,13.06
332,356,6.24
334,345,15.1
334,374,16.07
334,393,11.39
335,354,6.36
335,355,4.65
338,341,18.31
338,365,8.06
338,350,11.08
339,364,20.68
339,384,8.85
340,340,2.0
340,349,4.24
341,377,9.21
341,387,6.58
341,378,6.48
341,366,24.45
342,342,2.0
342,357,11.41
342,367,6.24
344,353,5.0
344,345,5.83
346,374,7.48
346,375,6.06
347,355,9.41
347,376,12.54
348,398,16.42
349,361,6.06
349,398,11.66
350,361,6.32
350,399,12.16
350,365,13.43
353,362,7.41
354,375,10.23
354,371,6.47
354,394,7.16
355,371,5.24
356,384,7.66
356,395,5.61
357,358,16.66
357,357,11.66
357,379,10.41
357,367,8.8
357,429,24.97
357,410,10.68
358,358,2.0
358,368,4.0
361,361,4.47
362,400,8.48
364,396,18.49
364,421,11.89
364,482,18.01
364,364,23.41
364,512,20.1
364,464,25.7
365,377,4.41
366,378,12.4
366,367,5.0
368,388,11.22
368,385,6.24
371,411,10.65
371,405,5.83
372,403,14.09
372,372,2.83
372,430,10.71
372,389,13.64
374,417,9.06
374,401,6.4
375,401,5.24
376,376,6.32
376,402,13.62
376,411,10.23
376,443,9.71
376,455,15.57
377,408,7.0
378,387,4.24
378,409,6.0
379,410,10.31
379,388,6.41
381,381,8.0
381,435,10.4
381,446,11.49
381,486,15.85
381,390,21.6
381,403,18.01
384,396,5.16
384,412,9.3
385,406,9.23
385,389,7.29
387,413,6.0
388,406,12.81
388,410,8.55
388,453,12.22
389,440,13.29
389,430,8.07
390,390,4.47
390,391,10.04
391,391,16.49
391,392,13.31
391,446,11.95
391,458,7.89
391,475,14.43
392,392,4.47
393,417,10.66
393,437,16.99
394,401,11.82
394,405,5.0
395,402,8.83
395,412,8.37
396,427,7.83
398,398,4.47
398,423,7.58
399,423,11.81
399,399,4.0
399,451,9.65
399,428,13.47
399,478,12.65
400,400,4.0
401,401,4.47
402,418,5.0
403,431,10.23
403,435,8.18
404,404,5.89
404,424,8.81
404,433,7.24
405,411,7.65
406,440,11.13
406,456,8.4
408,408,2.0
408,428,7.26
409,413,4.41
409,429,10.3
410,453,12.9
412,418,12.47
412,444,9.24
412,445,7.24
412,481,12.19
413,439,5.0
415,420,8.58
415,415,2.0
415,461,10.99
417,438,7.89
417,437,5.24
418,455,9.85
418,444,5.61
420,420,5.66
420,425,5.16
420,467,10.65
421,427,4.24
421,477,15.29
423,451,7.65
424,424,4.47
424,459,7.07
425,447,4.47
425,434,9.65
427,445,6.24
428,452,7.65
429,429,4.0
429,465,15.89
429,497,11.83
430,441,3.83
431,441,7.58
431,457,5.24
433,442,3.41
433,459,6.06
434,442,3.65
434,447,6.48
435,457,8.4
435,474,6.24
437,438,6.65
438,449,10.06
439,452,6.24
439,465,14.03
440,441,12.09
440,479,10.12
440,504,12.48
441,473,11.25
442,460,4.0
443,443,4.0
443,494,8.99
444,480,9.24
445,463,5.24
446,458,5.83
447,466,5.89
447,498,16.96
449,449,4.0
449,494,25.13
451,478,8.89
452,465,23.46
453,472,14.61
453,456,7.58
453,483,6.83
453,508,7.4
453,509,8.64
455,455,6.32
455,495,8.41
456,484,9.41
457,473,10.26
458,487,7.48
459,460,6.0
459,488,5.06
460,466,4.83
461,467,8.99
461,468,7.0
461,522,12.07
461,499,6.12
462,469,10.4
462,462,12.17
462,505,9.28
462,560,12.21
462,470,14.24
463,477,8.07
463,490,3.65
464,482,6.84
464,491,5.06
465,497,13.36
465,586,19.49
466,511,9.71
467,498,8.1
468,489,5.24
468,469,15.3
469,489,4.47
470,500,12.34
470,505,7.41
472,483,5.0
472,497,5.99
473,504,8.26
473,514,11.12
473,528,7.12
474,514,9.81
474,485,7.12
475,510,6.65
475,488,8.41
477,477,8.94
477,506,8.39
477,549,14.91
478,513,6.89
479,484,8.3
479,520,8.85
479,532,7.47
480,481,7.24
480,495,3.0
480,480,4.0
480,536,10.67
481,490,5.0
481,518,6.89
482,512,7.85
483,507,6.16
484,509,5.61
484,532,9.19
485,486,6.77
485,521,5.06
485,514,9.4
485,533,8.26
486,521,7.16
486,487,6.89
487,515,6.06
488,516,6.0
489,530,10.07
490,506,3.41
491,491,4.0
491,551,11.06
494,526,17.49
495,526,9.89
496,496,3.41
496,513,5.24
497,507,9.77
498,511,9.89
498,499,7.61
498,564,14.32
498,543,6.41
499,522,6.06
500,501,15.43
500,505,7.47
500,500,10.0
500,579,20.66
501,502,4.41
501,534,13.41
502,502,2.83
502,535,9.06
504,520,7.83
506,518,2.83
507,508,5.16
507,557,14.84
508,531,4.41
509,527,4.24
510,523,4.24
510,541,13.91
511,542,6.83
512,549,11.54
512,550,8.24
513,547,9.43
514,533,11.23
515,523,10.65
515,529,4.0
516,541,11.39
516,524,5.24
518,537,6.16
520,528,11.16
520,532,8.71
520,563,6.36
521,533,5.06
521,539,4.83
522,544,4.24
522,530,3.24
523,540,4.24
524,524,2.0
524,548,9.49
525,525,4.47
525,530,12.23
525,565,12.78
526,536,4.83
527,531,5.0
527,558,10.63
528,528,4.47
529,552,7.81
529,553,5.66
531,557,8.1
532,558,9.41
533,539,5.0
533,599,13.43
534,535,8.64
534,580,9.41
534,534,8.0
534,590,12.28
534,595,7.4
534,610,11.34
535,546,5.0
535,566,5.89
536,537,17.07
537,569,9.24
539,552,8.89
540,553,5.83
540,541,11.0
540,568,7.0
541,568,10.24
541,578,7.66
541,600,9.21
542,548,7.02
542,564,5.58
543,544,2.0
543,573,8.41
544,594,19.28
546,554,8.3
546,566,4.41
547,547,4.47
547,586,17.09
548,578,15.19
548,564,9.7
548,589,8.7
549,569,13.06
549,550,10.95
550,561,5.61
551,561,10.02
551,582,9.24
552,553,7.73
552,576,7.73
553,577,6.4
554,574,8.85
554,581,5.65
557,572,6.36
557,606,9.16
557,598,6.83
557,597,11.1
558,572,6.0
558,593,11.78
558,619,12.66
558,614,9.5
560,565,3.41
560,579,6.83
561,561,5.66
561,592,6.12
563,587,11.82
563,593,8.24
564,583,7.66
564,602,9.3
565,603,11.3
566,574,5.16
567,581,12.24
567,567,4.0
567,584,11.04
568,568,2.83
568,577,5.16
568,621,10.95
569,569,2.0
572,598,5.83
573,583,7.36
573,594,10.02
574,580,6.0
574,628,10.49
574,591,5.24
576,577,6.47
576,608,5.89
576,609,5.61
577,609,5.83
578,589,9.24
579,603,12.83
580,595,2.83
581,591,3.83
582,605,7.07
582,612,7.65
583,631,13.09
583,637,12.41
584,585,11.8
584,642,20.26
584,629,14.13
585,585,5.89
586,586,4.47
586,635,9.06
587,588,12.84
587,607,5.83
587,630,12.54
587,593,16.88
588,607,7.3
588,599,12.67
588,601,4.83
589,602,7.4
589,631,13.24
590,590,4.0
590,632,7.43
590,633,8.85
591,623,10.3
592,592,2.0
592,605,6.06
593,619,8.07
594,616,10.48
594,637,12.49
594,646,8.07
594,662,9.24
595,610,4.83
597,618,7.06
597,606,6.06
598,624,7.24
599,615,5.4
599,608,9.16
599,625,6.84
600,621,10.21
600,644,11.02
601,615,4.41
601,630,12.3
602,631,5.24
603,617,4.24
605,639,10.06
606,624,6.65
606,643,5.65
607,630,5.0
608,626,5.0
609,627,4.24
610,633,8.06
610,628,4.58
612,639,6.66
612,634,7.71
613,613,2.0
613,618,3.0
614,614,2.0
614,619,5.47
615,625,5.89
616,617,8.66
616,640,7.61
617,640,9.07
618,618,2.83
619,650,10.58
621,627,5.41
621,644,8.85
621,661,7.0
623,623,4.47
623,629,5.0
623,652,8.18
623,658,6.58
624,650,6.83
625,626,10.51
625,625,4.47
625,660,7.16
626,651,7.26
626,660,11.54
627,651,8.89
628,641,4.0
629,642,4.47
631,637,11.06
631,685,11.61
632,647,5.0
632,668,16.48
633,663,5.58
633,641,10.83
634,639,8.77
634,634,8.25
634,670,6.48
635,636,8.3
635,649,8.83
636,636,2.0
636,649,4.24
637,637,2.83
637,685,11.68
637,694,9.65
638,638,2.0
638,648,10.02
638,659,21.2
639,708,28.54
640,646,5.12
640,675,11.65
640,656,8.16
641,657,3.41
642,658,5.65
643,643,2.83
643,667,6.81
644,645,8.63
644,673,5.02
644,674,6.77
645,697,13.43
645,684,9.54
646,662,4.24
647,663,8.02
647,680,5.24
648,653,15.4
648,681,7.66
648,648,4.47
648,695,8.65
649,687,14.78
650,671,5.0
651,679,11.3
652,652,4.47
652,657,10.58
652,676,5.24
652,677,8.43
653,653,5.66
653,725,21.47
653,681,4.24
653,711,8.21
653,720,10.16
656,656,2.0
656,668,14.49
657,699,8.48
658,677,3.41
659,659,16.12
659,669,8.94
659,700,7.41
659,721,15.5
659,732,14.94
660,693,10.64
660,702,14.16
661,679,14.67
661,673,3.41
662,675,3.0
663,710,11.31
667,667,4.0
667,687,8.81
667,701,7.02
668,686,3.83
669,700,4.65
669,707,16.46
670,696,14.43
670,708,7.0
671,671,2.0
671,691,6.06
673,689,3.41
674,684,5.4
674,689,5.24
675,705,11.08
676,690,3.65
676,699,6.48
677,690,6.83
679,693,15.79
679,679,10.02
679,747,15.22
679,774,14.73
679,761,17.55
680,686,7.0
680,698,5.0
681,695,6.47
684,697,9.02
685,704,8.83
685,722,10.4
685,715,6.41
686,723,9.48
687,687,4.47
687,729,10.06
688,688,7.21
688,709,8.41
688,730,8.94
689,756,16.71
690,724,10.48
691,692,10.72
691,741,16.77
691,714,8.48
692,692,2.83
692,714,4.65
693,747,9.61
694,704,2.41
694,705,5.16
695,720,4.47
695,706,7.81
696,708,11.16
696,728,6.77
697,715,6.47
698,698,4.0
698,757,11.99
699,724,4.41
700,712,4.83
701,701,2.0
701,729,6.06
702,709,4.0
702,743,10.0
704,722,5.58
705,722,9.7
706,721,9.84
706,749,9.54
707,712,6.0
707,733,4.24
709,743,8.0
710,752,14.31
710,739,5.41
711,725,8.66
711,726,4.58
712,732,4.0
714,730,9.89
714,742,5.24
715,734,5.16
717,718,10.48
717,737,5.65
717,738,6.06
718,723,9.24
718,738,7.65
720,726,10.64
720,748,7.24
721,721,10.2
721,749,11.61
722,736,6.41
722,768,10.67
723,751,7.0
724,735,5.02
725,745,6.1
725,726,7.32
725,753,11.08
725,758,6.24
726,753,7.12
728,728,4.47
728,786,25.39
729,741,24.79
730,742,11.3
730,755,6.89
730,765,6.41
732,759,6.24
733,746,9.83
733,754,7.4
734,736,6.16
734,734,4.47
734,767,11.23
735,772,14.98
735,739,12.54
736,767,8.41
737,750,5.65
737,738,7.83
738,751,16.24
739,752,4.65
741,741,11.66
741,742,9.23
741,822,21.2
743,760,12.83
743,755,9.8
743,797,14.82
743,804,11.41
745,745,2.83
745,758,5.84
746,754,6.47
746,746,4.0
747,760,3.65
748,748,2.0
748,763,4.58
749,763,7.61
749,802,13.68
750,768,9.65
750,778,5.41
751,762,3.41
752,757,8.0
752,772,5.16
753,753,7.21
753,777,5.65
753,781,8.07
753,793,8.12
754,759,6.16
754,809,11.65
755,765,4.83
756,761,5.0
756,788,7.83
757,780,7.61
758,773,4.58
758,781,7.4
759,795,8.24
760,783,6.24
761,784,6.24
762,762,2.0
762,775,4.24
763,777,6.41
763,808,8.06
763,802,11.47
765,787,6.0
766,766,3.41
766,789,7.58
767,805,8.07
768,806,17.9
769,792,9.18
769,773,8.0
769,814,8.89
772,800,7.02
773,801,6.06
774,783,9.4
774,811,14.02
775,785,5.24
775,813,8.95
777,794,4.0
778,812,6.47
778,791,16.48
780,800,5.41
780,813,9.05
780,819,6.02
781,801,4.24
781,793,6.65
783,797,10.99
784,811,10.95
784,823,8.16
785,807,5.4
785,818,7.54
786,786,2.83
787,804,12.24
787,822,9.49
788,789,8.24
788,824,6.47
789,816,6.24
789,845,17.1
791,807,4.24
791,830,11.13
792,831,12.78
792,814,9.61
792,834,7.95
793,794,6.61
793,843,12.08
793,832,5.4
794,808,3.65
795,809,4.83
795,820,4.41
797,821,8.71
797,827,5.4
798,798,2.83
798,805,2.41
798,806,15.08
800,819,3.41
801,814,9.06
802,808,7.4
802,849,10.12
804,821,5.24
805,825,5.41
806,812,15.63
806,825,6.02
806,841,10.69
806,851,15.26
806,856,7.99
806,871,21.21
807,830,11.86
807,818,7.43
808,832,7.66
809,820,4.24
811,823,7.77
811,860,21.36
812,812,4.0
812,839,6.83
813,818,7.16
813,847,16.33
814,840,7.83
814,842,9.66
815,815,2.83
815,849,18.66
816,829,8.06
816,833,4.65
818,830,13.67
818,847,9.0
819,835,7.89
820,820,2.0
821,850,8.82
822,822,6.32
822,850,17.54
823,824,7.12
823,844,5.83
823,857,16.73
824,854,10.85
825,829,11.41
827,827,2.0
829,833,4.0
829,851,6.61
830,839,10.0
830,847,12.08
830,855,5.4
830,862,14.28
831,836,11.67
831,852,11.01
831,834,7.24
832,843,14.66
833,845,12.3
834,840,8.4
835,848,4.65
835,836,4.0
836,852,5.16
839,846,3.83
840,840,4.47
840,842,6.24
841,846,4.0
841,856,5.06
842,843,6.0
844,854,7.24
844,857,9.94
845,851,15.31
845,854,10.12
845,868,12.49
845,878,9.1
845,871,18.12
846,862,7.65
847,855,10.25
847,847,8.94
848,858,11.95
848,859,5.66
849,849,6.32
849,864,8.37
850,860,21.99
852,859,4.83
852,865,8.06
854,857,11.88
854,868,8.16
855,863,6.61
856,861,3.0
857,860,20.71
857,868,9.4
857,883,8.51
858,872,11.06
858,877,7.43
858,873,11.12
858,880,7.47
859,873,7.24
861,862,9.47
861,876,6.65
862,863,10.07
863,863,2.0
864,864,2.0
864,875,39.84
865,873,11.3
865,875,18.66
868,883,6.43
868,884,5.24
871,879,12.89
871,871,8.25
871,889,21.32
871,878,18.63
872,885,19.26
872,877,4.24
872,890,14.82
873,886,6.58
875,892,17.24
876,879,4.41
876,882,2.83
877,890,8.66
878,884,8.83
879,889,9.58
880,886,4.41
880,890,7.26
882,887,12.99
882,889,5.41
883,884,7.24
885,887,8.3
885,885,7.21
886,890,10.63
887,889,15.85
892,892,2.83
